month,validator_sort,validator,consensus_income,execution_income
2020-12-01,0.0,0,261.04358015197005,0.0
2020-12-01,1.0,1,261.12581558851,0.0
2020-12-01,2.0,2,259.74096081987,0.0
2020-12-01,3.0,3,260.89083837019,0.0
2020-12-01,4.0,4,253.68423068482,0.0
2020-12-01,5.0,5,260.06775654297996,0.0
2020-12-01,6.0,6,260.7421128858699,0.0
2020-12-01,7.0,7,247.25348210611998,0.0
2020-12-01,9.0,9,254.71181826353003,0.0
2020-12-01,10.0,10,258.40463829620995,0.0
2020-12-01,11.0,11,254.67340586780992,0.0
2020-12-01,12.0,12,258.90537745869005,0.0
2020-12-01,13.0,13,259.16685867310997,0.0
2020-12-01,14.0,14,261.77778307905,0.0
2020-12-01,15.0,15,264.16605508522997,0.0
2020-12-01,16.0,16,257.1942765595,0.0
2020-12-01,17.0,17,256.5426544301399,0.0
2020-12-01,18.0,18,259.6969423530701,0.0
2020-12-01,19.0,19,258.48069722588,0.0
2020-12-01,20.0,20,260.18382174249,0.0
2020-12-01,21.0,21,265.78767886287994,0.0
2020-12-01,22.0,22,258.21168324891,0.0
2020-12-01,23.0,23,253.11679996510003,0.0
2020-12-01,24.0,24,261.73983135248005,0.0
2020-12-01,25.0,25,263.93149245674005,0.0
2020-12-01,26.0,26,261.7546991026699,0.0
2020-12-01,27.0,27,263.36376578324,0.0
2020-12-01,28.0,28,259.29020728764004,0.0
2020-12-01,29.0,29,264.08926773941,0.0
2020-12-01,30.0,30,260.44451332680006,0.0
2020-12-01,31.0,31,258.16150156591,0.0
2020-12-01,32.0,32,206.28297617132006,0.0
2021-01-01,0.0,0,372.90204044623,0.0
2021-01-01,1.0,1,381.87349802189004,0.0
2021-01-01,2.0,2,381.5988158979801,0.0
2021-01-01,3.0,3,378.73476324037995,0.0
2021-01-01,4.0,4,382.07009494832,0.0
2021-01-01,5.0,5,379.45320671393984,0.0
2021-01-01,6.0,6,372.81740668170994,0.0
2021-01-01,7.0,7,255.00603667093,0.0
2021-01-01,9.0,9,372.94198990123994,0.0
2021-01-01,10.0,10,370.8732734659599,0.0
2021-01-01,11.0,11,374.28373260591997,0.0
2021-01-01,12.0,12,375.99173252917996,0.0
2021-01-01,13.0,13,372.24286588815005,0.0
2021-01-01,14.0,14,379.03422440273,0.0
2021-01-01,15.0,15,376.33160023778004,0.0
2021-01-01,16.0,16,371.49768218400993,0.0
2021-01-01,17.0,17,363.13903685096,0.0
2021-01-01,18.0,18,373.10522600614,0.0
2021-01-01,19.0,19,374.6040157721701,0.0
2021-01-01,20.0,20,361.35229030562004,0.0
2021-01-01,21.0,21,389.67175828991,0.0
2021-01-01,22.0,22,367.93069212583003,0.0
2021-01-01,23.0,23,369.27103499952,0.0
2021-01-01,24.0,24,375.13188364536,0.0
2021-01-01,25.0,25,362.3156023757001,0.0
2021-01-01,26.0,26,369.0705423846501,0.0
2021-01-01,27.0,27,382.53391985891005,0.0
2021-01-01,28.0,28,365.1849721509199,0.0
2021-01-01,29.0,29,369.75603964784,0.0
2021-01-01,30.0,30,376.67134542195987,0.0
2021-01-01,31.0,31,366.6998062664699,0.0
2021-01-01,32.0,32,218.16688658742,0.0
2021-02-01,0.0,0,393.17805850161,0.0
2021-02-01,1.0,1,386.77680762579,0.0
2021-02-01,2.0,2,398.79555148858003,0.0
2021-02-01,3.0,3,403.74560904806,0.0
2021-02-01,4.0,4,408.00020162414006,0.0
2021-02-01,5.0,5,423.35129151911,0.0
2021-02-01,6.0,6,399.2957168482399,0.0
2021-02-01,7.0,7,436.6542798677601,0.0
2021-02-01,9.0,9,349.9307568738499,0.0
2021-02-01,10.0,10,408.7083108053101,0.0
2021-02-01,11.0,11,402.3469120001101,0.0
2021-02-01,12.0,12,402.9633559288801,0.0
2021-02-01,13.0,13,392.1114985009399,0.0
2021-02-01,14.0,14,404.63240514489996,0.0
2021-02-01,15.0,15,399.50090379191994,0.0
2021-02-01,16.0,16,417.74602840929,0.0
2021-02-01,17.0,17,398.10456442033,0.0
2021-02-01,18.0,18,404.96574876341003,0.0
2021-02-01,19.0,19,418.35857219008005,0.0
2021-02-01,20.0,20,391.71976158449,0.0
2021-02-01,21.0,21,393.4645965629899,0.0
2021-02-01,22.0,22,413.82797635271004,0.0
2021-02-01,23.0,23,405.7782834354899,0.0
2021-02-01,24.0,24,398.48087143410004,0.0
2021-02-01,25.0,25,398.84751866578006,0.0
2021-02-01,26.0,26,386.3893057002398,0.0
2021-02-01,27.0,27,408.91578524360995,0.0
2021-02-01,28.0,28,380.49736470779,0.0
2021-02-01,29.0,29,392.25920347603005,0.0
2021-02-01,30.0,30,416.17218482246,0.0
2021-02-01,31.0,31,396.79242843749006,0.0
2021-02-01,32.0,32,225.30215671590997,0.0
2021-03-01,0.0,0,442.20723671488,0.0
2021-03-01,1.0,1,440.9788573984399,0.0
2021-03-01,2.0,2,448.37658210553,0.0
2021-03-01,3.0,3,465.98872910882994,0.0
2021-03-01,4.0,4,446.74609039191,0.0
2021-03-01,5.0,5,435.2903850781001,0.0
2021-03-01,6.0,6,435.71415459529004,0.0
2021-03-01,7.0,7,378.37048108019997,0.0
2021-03-01,9.0,9,430.6978724854601,0.0
2021-03-01,10.0,10,444.73250751020004,0.0
2021-03-01,11.0,11,437.4115909992401,0.0
2021-03-01,12.0,12,414.85663118840995,0.0
2021-03-01,13.0,13,410.3377396824401,0.0
2021-03-01,14.0,14,422.45775240112005,0.0
2021-03-01,15.0,15,416.24543558428996,0.0
2021-03-01,16.0,16,416.1170046870699,0.0
2021-03-01,17.0,17,410.9774085013001,0.0
2021-03-01,18.0,18,422.11525187840994,0.0
2021-03-01,19.0,19,416.5577130394199,0.0
2021-03-01,20.0,20,448.63475832508993,0.0
2021-03-01,21.0,21,417.53298515284,0.0
2021-03-01,22.0,22,469.40739402526975,0.0
2021-03-01,23.0,23,446.16995204759985,0.0
2021-03-01,24.0,24,423.53014624776,0.0
2021-03-01,25.0,25,443.21354919192004,0.0
2021-03-01,26.0,26,442.8183948518601,0.0
2021-03-01,27.0,27,422.82045724346995,0.0
2021-03-01,28.0,28,435.1982779443299,0.0
2021-03-01,29.0,29,429.12602967949,0.0
2021-03-01,30.0,30,416.3678604664999,0.0
2021-03-01,31.0,31,449.20558536769994,0.0
2021-03-01,32.0,32,399.21036334437997,0.0
2021-04-01,0.0,0,488.1793798272,0.0
2021-04-01,1.0,1,497.13652541093,0.0
2021-04-01,2.0,2,487.87813469667003,0.0
2021-04-01,3.0,3,488.11300625291,0.0
2021-04-01,4.0,4,497.41452757276,0.0
2021-04-01,5.0,5,497.82700363189,0.0
2021-04-01,6.0,6,483.40734419108014,0.0
2021-04-01,7.0,7,496.98872659301,0.0
2021-04-01,9.0,9,518.4120567334,0.0
2021-04-01,10.0,10,505.8703692613199,0.0
2021-04-01,11.0,11,515.07538737265,0.0
2021-04-01,12.0,12,497.04758668367003,0.0
2021-04-01,13.0,13,489.02712314512013,0.0
2021-04-01,14.0,14,489.07169741092997,0.0
2021-04-01,15.0,15,504.89058435587,0.0
2021-04-01,16.0,16,518.4116880021301,0.0
2021-04-01,17.0,17,488.5501607794401,0.0
2021-04-01,18.0,18,488.87208406791,0.0
2021-04-01,19.0,19,514.55152000493,0.0
2021-04-01,20.0,20,497.3989769587399,0.0
2021-04-01,21.0,21,535.3681085223499,0.0
2021-04-01,22.0,22,521.6821319682801,0.0
2021-04-01,23.0,23,532.5464010556701,0.0
2021-04-01,24.0,24,522.12178573749,0.0
2021-04-01,25.0,25,489.02107136188005,0.0
2021-04-01,26.0,26,506.5703247707,0.0
2021-04-01,27.0,27,488.3960808143301,0.0
2021-04-01,28.0,28,497.2899399003699,0.0
2021-04-01,29.0,29,505.46885552396,0.0
2021-04-01,30.0,30,526.1016171773899,0.0
2021-04-01,31.0,31,515.71547906151,0.0
2021-04-01,32.0,32,399.36346259221995,0.0
2021-05-01,0.0,0,708.0130153128099,0.0
2021-05-01,1.0,1,762.8018900729098,0.0
2021-05-01,2.0,2,735.2312591982702,0.0
2021-05-01,3.0,3,709.4456189784901,0.0
2021-05-01,4.0,4,749.8555097475103,0.0
2021-05-01,5.0,5,722.7979754866,0.0
2021-05-01,6.0,6,732.03575730047,0.0
2021-05-01,7.0,7,722.2879756847902,0.0
2021-05-01,9.0,9,709.4337767082001,0.0
2021-05-01,10.0,10,720.2335061268798,0.0
2021-05-01,11.0,11,722.7016409187501,0.0
2021-05-01,12.0,12,731.2106160145103,0.0
2021-05-01,13.0,13,705.5783991450998,0.0
2021-05-01,14.0,14,694.5425242592702,0.0
2021-05-01,15.0,15,730.52402733081,0.0
2021-05-01,16.0,16,721.5085896434198,0.0
2021-05-01,17.0,17,716.8979017940001,0.0
2021-05-01,18.0,18,708.8019357928202,0.0
2021-05-01,19.0,19,693.07300867263,0.0
2021-05-01,20.0,20,704.03448763075,0.0
2021-05-01,21.0,21,717.2477307698299,0.0
2021-05-01,22.0,22,730.7269634096199,0.0
2021-05-01,23.0,23,702.4680948638203,0.0
2021-05-01,24.0,24,724.6508204179102,0.0
2021-05-01,25.0,25,749.59015328882,0.0
2021-05-01,26.0,26,716.8360862093199,0.0
2021-05-01,27.0,27,720.8950784112199,0.0
2021-05-01,28.0,28,691.95063410232,0.0
2021-05-01,29.0,29,726.77952580089,0.0
2021-05-01,30.0,30,746.52985598599,0.0
2021-05-01,31.0,31,701.1837253705602,0.0
2021-05-01,32.0,32,664.6783962995299,0.0
2021-06-01,0.0,0,433.2498179744299,0.0
2021-06-01,1.0,1,445.15968532325996,0.0
2021-06-01,2.0,2,432.27761072002005,0.0
2021-06-01,3.0,3,423.42446344932995,0.0
2021-06-01,4.0,4,442.49604364286,0.0
2021-06-01,5.0,5,447.04317691406993,0.0
2021-06-01,6.0,6,442.7260271650301,0.0
2021-06-01,7.0,7,435.0790122476001,0.0
2021-06-01,9.0,9,444.03783607217997,0.0
2021-06-01,10.0,10,446.63277544595,0.0
2021-06-01,11.0,11,423.67742897267993,0.0
2021-06-01,12.0,12,423.64696472289,0.0
2021-06-01,13.0,13,423.36202794885,0.0
2021-06-01,14.0,14,432.74683329458,0.0
2021-06-01,15.0,15,433.7596946751401,0.0
2021-06-01,16.0,16,435.61649169823,0.0
2021-06-01,17.0,17,423.13441773079,0.0
2021-06-01,18.0,18,434.59559475278,0.0
2021-06-01,19.0,19,423.42785877897006,0.0
2021-06-01,20.0,20,432.20345573723995,0.0
2021-06-01,21.0,21,446.7853943817701,0.0
2021-06-01,22.0,22,432.1683982435099,0.0
2021-06-01,23.0,23,430.20106391891005,0.0
2021-06-01,24.0,24,445.20101319354006,0.0
2021-06-01,25.0,25,432.6523141234,0.0
2021-06-01,26.0,26,444.78704396656013,0.0
2021-06-01,27.0,27,433.70027756974,0.0
2021-06-01,28.0,28,451.70228252799,0.0
2021-06-01,29.0,29,455.2288471204299,0.0
2021-06-01,30.0,30,432.3367694145999,0.0
2021-06-01,31.0,31,452.77996211862995,0.0
2021-06-01,32.0,32,423.21727600131993,0.0
2021-07-01,0.0,0,369.47684505256007,0.0
2021-07-01,1.0,1,377.87727184515,0.0
2021-07-01,2.0,2,390.11265410275,0.0
2021-07-01,3.0,3,369.1154374266,0.0
2021-07-01,4.0,4,388.40520108375,0.0
2021-07-01,5.0,5,377.4357279253801,0.0
2021-07-01,6.0,6,379.41558594416995,0.0
2021-07-01,7.0,7,317.33382853947,0.0
2021-07-01,9.0,9,382.8804216763099,0.0
2021-07-01,10.0,10,378.74414710094993,0.0
2021-07-01,11.0,11,378.5701254694,0.0
2021-07-01,12.0,12,369.80334854804,0.0
2021-07-01,13.0,13,378.96607841415,0.0
2021-07-01,14.0,14,369.58232974183,0.0
2021-07-01,15.0,15,379.22912953613996,0.0
2021-07-01,16.0,16,379.51654651171003,0.0
2021-07-01,17.0,17,380.13928032930994,0.0
2021-07-01,18.0,18,369.47039548342,0.0
2021-07-01,19.0,19,369.41217672135,0.0
2021-07-01,20.0,20,379.4711625118501,0.0
2021-07-01,21.0,21,379.8327615169301,0.0
2021-07-01,22.0,22,368.84490055068994,0.0
2021-07-01,23.0,23,368.01362796282007,0.0
2021-07-01,24.0,24,369.19223624995,0.0
2021-07-01,25.0,25,378.21245222718,0.0
2021-07-01,26.0,26,388.37281073492005,0.0
2021-07-01,27.0,27,423.98310876825,0.0
2021-07-01,28.0,28,373.62078870965,0.0
2021-07-01,29.0,29,380.5696774890099,0.0
2021-07-01,30.0,30,391.27806895372,0.0
2021-07-01,31.0,31,379.87255042615,0.0
2021-07-01,32.0,32,353.13801861332,0.0
2021-08-01,0.0,0,586.3213997915499,0.0
2021-08-01,1.0,1,558.06819293218,0.0
2021-08-01,2.0,2,575.7911616045101,0.0
2021-08-01,3.0,3,557.5166590304899,0.0
2021-08-01,4.0,4,573.7541263269599,0.0
2021-08-01,5.0,5,553.77575576711,0.0
2021-08-01,6.0,6,553.81831395414,0.0
2021-08-01,7.0,7,555.2393315227899,0.0
2021-08-01,9.0,9,541.2721003787401,0.0
2021-08-01,10.0,10,603.7248133002098,0.0
2021-08-01,11.0,11,568.7320526400002,0.0
2021-08-01,12.0,12,569.3359002824101,0.0
2021-08-01,13.0,13,553.1026272752,0.0
2021-08-01,14.0,14,569.44178146133,0.0
2021-08-01,15.0,15,585.09163137019,0.0
2021-08-01,16.0,16,585.54801139069,0.0
2021-08-01,17.0,17,637.65889096939,0.0
2021-08-01,18.0,18,559.3526316296101,0.0
2021-08-01,19.0,19,588.8808446891799,0.0
2021-08-01,20.0,20,565.2950177805499,0.0
2021-08-01,21.0,21,582.9993684022402,0.0
2021-08-01,22.0,22,601.7448055994199,0.0
2021-08-01,23.0,23,566.7614493534801,0.0
2021-08-01,24.0,24,554.4716510962601,0.0
2021-08-01,25.0,25,602.8852337468699,0.0
2021-08-01,26.0,26,599.8100059301601,0.0
2021-08-01,27.0,27,554.3920758772201,0.0
2021-08-01,28.0,28,557.55813368441,0.0
2021-08-01,29.0,29,572.5686074440501,0.0
2021-08-01,30.0,30,569.4968119229802,0.0
2021-08-01,31.0,31,602.8145096848998,0.0
2021-08-01,32.0,32,240.79819159122002,0.0
2021-09-01,0.0,0,497.32558863984,0.0
2021-09-01,1.0,1,497.6438553869399,0.0
2021-09-01,2.0,2,534.1887985490399,0.0
2021-09-01,3.0,3,515.44225783907,0.0
2021-09-01,4.0,4,538.70933753786,0.0
2021-09-01,5.0,5,493.16867206714005,0.0
2021-09-01,6.0,6,514.4551479496299,0.0
2021-09-01,7.0,7,499.84866489398,0.0
2021-09-01,9.0,9,472.86710085855,0.0
2021-09-01,10.0,10,494.10252917999,0.0
2021-09-01,11.0,11,531.38982368276,0.0
2021-09-01,12.0,12,513.74547296712,0.0
2021-09-01,13.0,13,512.16124437533,0.0
2021-09-01,14.0,14,511.04775306160997,0.0
2021-09-01,15.0,15,511.7278773562702,0.0
2021-09-01,16.0,16,514.64844781167,0.0
2021-09-01,17.0,17,493.92306381405996,0.0
2021-09-01,18.0,18,548.49595569318,0.0
2021-09-01,19.0,19,496.0811419733698,0.0
2021-09-01,20.0,20,495.90404934895,0.0
2021-09-01,21.0,21,512.47687910417,0.0
2021-09-01,22.0,22,551.01716182071,0.0
2021-09-01,23.0,23,511.79936494836,0.0
2021-09-01,24.0,24,512.06391218041,0.0
2021-09-01,25.0,25,533.5445706407198,0.0
2021-09-01,26.0,26,514.68994779208,0.0
2021-09-01,27.0,27,494.6224866923501,0.0
2021-09-01,28.0,28,520.9766833709999,0.0
2021-09-01,29.0,29,527.33426847006,0.0
2021-09-01,30.0,30,493.66982098665,0.0
2021-09-01,31.0,31,512.0237891676502,0.0
2021-09-01,32.0,32,365.5908134155999,0.0
2021-10-01,0.0,0,563.6419947324698,0.0
2021-10-01,1.0,1,564.78518055884,0.0
2021-10-01,2.0,2,563.5714257924201,0.0
2021-10-01,3.0,3,583.4436316495201,0.0
2021-10-01,4.0,4,564.30792721517,0.0
2021-10-01,5.0,5,581.0653959771901,0.0
2021-10-01,6.0,6,585.3948665746401,0.0
2021-10-01,7.0,7,582.0377433127398,0.0
2021-10-01,9.0,9,489.29776561982004,0.0
2021-10-01,10.0,10,557.9508385032299,0.0
2021-10-01,11.0,11,576.25664342331,0.0
2021-10-01,12.0,12,581.8186965396902,0.0
2021-10-01,13.0,13,657.0896629320802,0.0
2021-10-01,14.0,14,579.7847158881899,0.0
2021-10-01,15.0,15,790.6588285498897,0.0
2021-10-01,16.0,16,558.84240244002,0.0
2021-10-01,17.0,17,578.7920512971899,0.0
2021-10-01,18.0,18,576.57203406226,0.0
2021-10-01,19.0,19,580.28291114966,0.0
2021-10-01,20.0,20,577.2927609460099,0.0
2021-10-01,21.0,21,578.7614796307299,0.0
2021-10-01,22.0,22,621.41588948228,0.0
2021-10-01,23.0,23,581.0765471347597,0.0
2021-10-01,24.0,24,572.4343511958,0.0
2021-10-01,25.0,25,580.6615170724999,0.0
2021-10-01,26.0,26,597.6907295227501,0.0
2021-10-01,27.0,27,558.52089373287,0.0
2021-10-01,28.0,28,679.94347140367,0.0
2021-10-01,29.0,29,578.5370061803701,0.0
2021-10-01,30.0,30,557.3293103412302,0.0
2021-10-01,31.0,31,559.0330926186801,0.0
2021-10-01,32.0,32,563.85822975796,0.0
2021-11-01,0.0,0,603.3832798181401,0.0
2021-11-01,1.0,1,804.1235210229497,0.0
2021-11-01,2.0,2,604.6133971637902,0.0
2021-11-01,3.0,3,702.57759439798,0.0
2021-11-01,4.0,4,1939.52040135121,0.0
2021-11-01,5.0,5,604.0053862233502,0.0
2021-11-01,6.0,6,602.5962828868297,0.0
2021-11-01,7.0,7,770.3393427373101,0.0
2021-11-01,9.0,9,688.47803743848,0.0
2021-11-01,10.0,10,707.65432816178,0.0
2021-11-01,11.0,11,710.2526875424201,0.0
2021-11-01,12.0,12,787.5230368952498,0.0
2021-11-01,13.0,13,917.1082994500301,0.0
2021-11-01,14.0,14,973.7939954581399,0.0
2021-11-01,15.0,15,701.0715649931398,0.0
2021-11-01,16.0,16,603.63167725432,0.0
2021-11-01,17.0,17,706.3924052210301,0.0
2021-11-01,18.0,18,603.39081644996,0.0
2021-11-01,19.0,19,603.33094086845,0.0
2021-11-01,20.0,20,701.9127992296798,0.0
2021-11-01,21.0,21,965.2706719591303,0.0
2021-11-01,22.0,22,601.91058520333,0.0
2021-11-01,23.0,23,824.4039865298702,0.0
2021-11-01,24.0,24,808.66972693531,0.0
2021-11-01,25.0,25,603.48781940792,0.0
2021-11-01,26.0,26,704.5994796362401,0.0
2021-11-01,27.0,27,603.73990130087,0.0
2021-11-01,28.0,28,605.3646913568102,0.0
2021-11-01,29.0,29,711.7311707146198,0.0
2021-11-01,30.0,30,603.24210416219,0.0
2021-11-01,31.0,31,706.9228055346001,0.0
2021-11-01,32.0,32,703.8799814705098,0.0
2021-12-01,0.0,0,606.1354969243,0.0
2021-12-01,1.0,1,510.89460371254995,0.0
2021-12-01,2.0,2,609.1996948110201,0.0
2021-12-01,3.0,3,510.1725888263899,0.0
2021-12-01,4.0,4,510.62990190152004,0.0
2021-12-01,5.0,5,510.1411749737301,0.0
2021-12-01,6.0,6,840.1496076318099,0.0
2021-12-01,7.0,7,584.90927489339,0.0
2021-12-01,9.0,9,706.05418003441,0.0
2021-12-01,10.0,10,511.93948824995994,0.0
2021-12-01,11.0,11,510.06111203924,0.0
2021-12-01,12.0,12,697.6175269192,0.0
2021-12-01,13.0,13,601.87148942542,0.0
2021-12-01,14.0,14,696.93024373984,0.0
2021-12-01,15.0,15,682.3952290323501,0.0
2021-12-01,16.0,16,700.5844784385899,0.0
2021-12-01,17.0,17,603.3136570747499,0.0
2021-12-01,18.0,18,510.63949692757996,0.0
2021-12-01,19.0,19,510.98075188044993,0.0
2021-12-01,20.0,20,867.11928209139,0.0
2021-12-01,21.0,21,596.74094378684,0.0
2021-12-01,22.0,22,507.44071685792,0.0
2021-12-01,23.0,23,508.21817160283,0.0
2021-12-01,24.0,24,511.3698721494799,0.0
2021-12-01,25.0,25,511.7967685054099,0.0
2021-12-01,26.0,26,508.5573490665201,0.0
2021-12-01,27.0,27,603.6553377289699,0.0
2021-12-01,28.0,28,603.3862935663001,0.0
2021-12-01,29.0,29,794.9302392121697,0.0
2021-12-01,30.0,30,610.83447266751,0.0
2021-12-01,31.0,31,685.9739068659,0.0
2021-12-01,32.0,32,663.9924173929,0.0
2022-01-01,0.0,0,378.97904253873,0.0
2022-01-01,1.0,1,602.90403105674,0.0
2022-01-01,2.0,2,468.37651637591983,0.0
2022-01-01,3.0,3,379.13277564954006,0.0
2022-01-01,4.0,4,437.07437122875984,0.0
2022-01-01,5.0,5,378.7735020982799,0.0
2022-01-01,6.0,6,378.25851390246004,0.0
2022-01-01,7.0,7,298.79239805595995,0.0
2022-01-01,9.0,9,438.1862187014399,0.0
2022-01-01,10.0,10,545.7564138832598,0.0
2022-01-01,11.0,11,435.72252638376,0.0
2022-01-01,12.0,12,440.60608662463,0.0
2022-01-01,13.0,13,378.73826205244,0.0
2022-01-01,14.0,14,378.63514213414004,0.0
2022-01-01,15.0,15,516.31490109052,0.0
2022-01-01,16.0,16,378.25778358070994,0.0
2022-01-01,17.0,17,455.2121383337999,0.0
2022-01-01,18.0,18,378.21037365357,0.0
2022-01-01,19.0,19,507.79946124508996,0.0
2022-01-01,20.0,20,376.87413801791,0.0
2022-01-01,21.0,21,377.40875003491004,0.0
2022-01-01,22.0,22,377.1716696156301,0.0
2022-01-01,23.0,23,449.89231080949986,0.0
2022-01-01,24.0,24,378.58082497665004,0.0
2022-01-01,25.0,25,379.0436161655901,0.0
2022-01-01,26.0,26,437.2294810312699,0.0
2022-01-01,27.0,27,377.7531234012301,0.0
2022-01-01,28.0,28,379.72342925492,0.0
2022-01-01,29.0,29,378.6146211823199,0.0
2022-01-01,30.0,30,457.75095198967995,0.0
2022-01-01,31.0,31,452.3171689640001,0.0
2022-01-01,32.0,32,456.28673254406,0.0
2022-02-01,0.0,0,583.05183386069,0.0
2022-02-01,1.0,1,399.04694419566005,0.0
2022-02-01,2.0,2,470.54801613403015,0.0
2022-02-01,3.0,3,471.3120600534399,0.0
2022-02-01,4.0,4,332.1825991497899,0.0
2022-02-01,5.0,5,409.72509938457995,0.0
2022-02-01,6.0,6,675.9568098292898,0.0
2022-02-01,7.0,7,344.42958664666,0.0
2022-02-01,9.0,9,318.32428807092987,0.0
2022-02-01,10.0,10,478.06494943615,0.0
2022-02-01,11.0,11,410.2190452003701,0.0
2022-02-01,12.0,12,404.2755141262099,0.0
2022-02-01,13.0,13,634.20702675104,0.0
2022-02-01,14.0,14,340.15472164956,0.0
2022-02-01,15.0,15,340.76417936935997,0.0
2022-02-01,16.0,16,405.27968040414015,0.0
2022-02-01,17.0,17,339.64099281943,0.0
2022-02-01,18.0,18,340.31369686939,0.0
2022-02-01,19.0,19,412.07418540367,0.0
2022-02-01,20.0,20,485.19644827093003,0.0
2022-02-01,21.0,21,478.1442385160599,0.0
2022-02-01,22.0,22,658.2233749928199,0.0
2022-02-01,23.0,23,402.9026322155901,0.0
2022-02-01,24.0,24,487.78217754386014,0.0
2022-02-01,25.0,25,340.9014902252301,0.0
2022-02-01,26.0,26,340.98301852214996,0.0
2022-02-01,27.0,27,340.94713098167006,0.0
2022-02-01,28.0,28,345.39505687688,0.0
2022-02-01,29.0,29,412.5200215217901,0.0
2022-02-01,30.0,30,636.0132610029499,0.0
2022-02-01,31.0,31,416.44781494799014,0.0
2022-02-01,32.0,32,342.2726010687601,0.0
2022-03-01,0.0,0,397.78623425283007,0.0
2022-03-01,1.0,1,474.75604219189,0.0
2022-03-01,2.0,2,399.88982999119,0.0
2022-03-01,3.0,3,420.61566572388006,0.0
2022-03-01,4.0,4,472.45877717576997,0.0
2022-03-01,5.0,5,395.81774316694,0.0
2022-03-01,6.0,6,486.94970651332994,0.0
2022-03-01,7.0,7,321.79018246267003,0.0
2022-03-01,9.0,9,570.8171042034701,0.0
2022-03-01,10.0,10,330.72976510218007,0.0
2022-03-01,11.0,11,393.81113470069,0.0
2022-03-01,12.0,12,394.69053721807,0.0
2022-03-01,13.0,13,330.80313990121994,0.0
2022-03-01,14.0,14,331.17191091396995,0.0
2022-03-01,15.0,15,600.0793961137,0.0
2022-03-01,16.0,16,730.99041075134,0.0
2022-03-01,17.0,17,668.19477824638,0.0
2022-03-01,18.0,18,392.42005270814013,0.0
2022-03-01,19.0,19,399.41124049806,0.0
2022-03-01,20.0,20,470.94954703364994,0.0
2022-03-01,21.0,21,404.33277421078003,0.0
2022-03-01,22.0,22,502.81005206414994,0.0
2022-03-01,23.0,23,333.2583180446,0.0
2022-03-01,24.0,24,330.98215535210994,0.0
2022-03-01,25.0,25,393.97236280876007,0.0
2022-03-01,26.0,26,332.35992802651,0.0
2022-03-01,27.0,27,330.61867836054006,0.0
2022-03-01,28.0,28,337.15180982135,0.0
2022-03-01,29.0,29,330.87109946622,0.0
2022-03-01,30.0,30,394.2402870965299,0.0
2022-03-01,31.0,31,395.3101393584499,0.0
2022-03-01,32.0,32,403.80551864301003,0.0
2022-04-01,0.0,0,413.40056770708,0.0
2022-04-01,1.0,1,505.06496682919993,0.0
2022-04-01,2.0,2,879.8636844600102,0.0
2022-04-01,3.0,3,336.15552172471996,0.0
2022-04-01,4.0,4,336.15692794061005,0.0
2022-04-01,5.0,5,337.36023150952997,0.0
2022-04-01,6.0,6,391.02381632578,0.0
2022-04-01,7.0,7,414.8976402859201,0.0
2022-04-01,9.0,9,281.76926255672,0.0
2022-04-01,10.0,10,337.8856778979601,0.0
2022-04-01,11.0,11,421.2763868750099,0.0
2022-04-01,12.0,12,337.64603103075,0.0
2022-04-01,13.0,13,338.14293632193,0.0
2022-04-01,14.0,14,393.91668334786004,0.0
2022-04-01,15.0,15,413.07554500041994,0.0
2022-04-01,16.0,16,338.04448992947994,0.0
2022-04-01,17.0,17,412.280186511,0.0
2022-04-01,18.0,18,419.1326708346999,0.0
2022-04-01,19.0,19,337.4931227165,0.0
2022-04-01,20.0,20,331.27351072705,0.0
2022-04-01,21.0,21,415.33642951079,0.0
2022-04-01,22.0,22,331.96618604708,0.0
2022-04-01,23.0,23,409.4902319822,0.0
2022-04-01,24.0,24,337.39618509294,0.0
2022-04-01,25.0,25,415.6381153206899,0.0
2022-04-01,26.0,26,504.5021706360699,0.0
2022-04-01,27.0,27,337.63287602138996,0.0
2022-04-01,28.0,28,654.51936282498,0.0
2022-04-01,29.0,29,337.97276257711,0.0
2022-04-01,30.0,30,418.91195301309,0.0
2022-04-01,31.0,31,332.8999460010199,0.0
2022-04-01,32.0,32,331.6295943340099,0.0
2022-05-01,0.0,0,381.8439313729999,0.0
2022-05-01,1.0,1,308.96678853295003,0.0
2022-05-01,2.0,2,250.14407557223007,0.0
2022-05-01,3.0,3,250.55830325125996,0.0
2022-05-01,4.0,4,360.15300528593,0.0
2022-05-01,5.0,5,296.17673296251996,0.0
2022-05-01,6.0,6,308.35965810809006,0.0
2022-05-01,7.0,7,253.52598194783005,0.0
2022-05-01,9.0,9,296.04891198972996,0.0
2022-05-01,10.0,10,279.05619936205005,0.0
2022-05-01,11.0,11,333.78454389242006,0.0
2022-05-01,12.0,12,225.49679963835,0.0
2022-05-01,13.0,13,225.38477043186,0.0
2022-05-01,14.0,14,225.3955012473,0.0
2022-05-01,15.0,15,281.54383430109004,0.0
2022-05-01,16.0,16,225.59994491591,0.0
2022-05-01,17.0,17,293.68195595905,0.0
2022-05-01,18.0,18,225.76939281046006,0.0
2022-05-01,19.0,19,341.84917918720987,0.0
2022-05-01,20.0,20,371.95624824962,0.0
2022-05-01,21.0,21,279.0145682748301,0.0
2022-05-01,22.0,22,251.48704650529004,0.0
2022-05-01,23.0,23,306.19652098801,0.0
2022-05-01,24.0,24,225.86124132673,0.0
2022-05-01,25.0,25,225.7437348271,0.0
2022-05-01,26.0,26,251.20899897946995,0.0
2022-05-01,27.0,27,281.00127036301996,0.0
2022-05-01,28.0,28,254.28477218847001,0.0
2022-05-01,29.0,29,225.5491471443,0.0
2022-05-01,30.0,30,225.26529918684997,0.0
2022-05-01,31.0,31,251.03914658993003,0.0
2022-05-01,32.0,32,301.96865518835,0.0
2022-06-01,0.0,0,256.4899347053499,0.0
2022-06-01,1.0,1,189.1671157323,0.0
2022-06-01,2.0,2,173.20828916797004,0.0
2022-06-01,3.0,3,173.21563184208,0.0
2022-06-01,4.0,4,139.47320466943,0.0
2022-06-01,5.0,5,139.39382074105998,0.0
2022-06-01,6.0,6,139.45898638471,0.0
2022-06-01,7.0,7,172.96880537380005,0.0
2022-06-01,9.0,9,297.47478508335,0.0
2022-06-01,10.0,10,170.78653948189998,0.0
2022-06-01,11.0,11,171.37100531969995,0.0
2022-06-01,12.0,12,139.57494619423,0.0
2022-06-01,13.0,13,139.49388658376998,0.0
2022-06-01,14.0,14,139.30599400850002,0.0
2022-06-01,15.0,15,139.38365233551,0.0
2022-06-01,16.0,16,139.55837911678,0.0
2022-06-01,17.0,17,139.70497068367,0.0
2022-06-01,18.0,18,240.37150774818,0.0
2022-06-01,19.0,19,139.55559079825002,0.0
2022-06-01,20.0,20,139.20651961918003,0.0
2022-06-01,21.0,21,169.41485143966997,0.0
2022-06-01,22.0,22,139.37589588894002,0.0
2022-06-01,23.0,23,138.70351168538997,0.0
2022-06-01,24.0,24,189.35795774023998,0.0
2022-06-01,25.0,25,139.77293805234996,0.0
2022-06-01,26.0,26,139.48809690797,0.0
2022-06-01,27.0,27,139.68209882170999,0.0
2022-06-01,28.0,28,139.53648759819998,0.0
2022-06-01,29.0,29,139.58783093986,0.0
2022-06-01,30.0,30,180.22173103350994,0.0
2022-06-01,31.0,31,176.25003530709006,0.0
2022-06-01,32.0,32,-78.92983009212,0.0
2022-07-01,0.0,0,186.38164149332997,0.0
2022-07-01,1.0,1,170.05571237599003,0.0
2022-07-01,2.0,2,173.77618400958005,0.0
2022-07-01,3.0,3,189.11879916516006,0.0
2022-07-01,4.0,4,140.68522574434,0.0
2022-07-01,5.0,5,140.95643901166,0.0
2022-07-01,6.0,6,140.39252925111998,0.0
2022-07-01,7.0,7,140.57794054499,0.0
2022-07-01,9.0,9,127.84025617364001,0.0
2022-07-01,10.0,10,188.76792561179997,0.0
2022-07-01,11.0,11,175.43188393621003,0.0
2022-07-01,12.0,12,140.8802323714,0.0
2022-07-01,13.0,13,256.93616688553,0.0
2022-07-01,14.0,14,140.90417517874,0.0
2022-07-01,15.0,15,141.01413722043,0.0
2022-07-01,16.0,16,140.8151577427,0.0
2022-07-01,17.0,17,140.6652747001,0.0
2022-07-01,18.0,18,192.46871125001002,0.0
2022-07-01,19.0,19,140.91354573233,0.0
2022-07-01,20.0,20,131.50686939817004,0.0
2022-07-01,21.0,21,140.86827491668996,0.0
2022-07-01,22.0,22,131.70677204643,0.0
2022-07-01,23.0,23,139.91219937422002,0.0
2022-07-01,24.0,24,140.89510641285997,0.0
2022-07-01,25.0,25,189.77433657951002,0.0
2022-07-01,26.0,26,131.88336744667998,0.0
2022-07-01,27.0,27,141.11838138219997,0.0
2022-07-01,28.0,28,141.06827724506002,0.0
2022-07-01,29.0,29,140.98015154572002,0.0
2022-07-01,30.0,30,270.56903878712995,0.0
2022-07-01,31.0,31,261.4518980727199,0.0
2022-07-01,32.0,32,224.55921608406007,0.0
2022-08-01,0.0,0,241.73768317889997,0.0
2022-08-01,1.0,1,504.08995226847975,0.0
2022-08-01,2.0,2,191.51906895355003,0.0
2022-08-01,3.0,3,191.39231342319,0.0
2022-08-01,4.0,4,191.43390345946995,0.0
2022-08-01,5.0,5,290.95106982573,0.0
2022-08-01,6.0,6,281.77130999418995,0.0
2022-08-01,7.0,7,191.74262742932,0.0
2022-08-01,9.0,9,176.82869849628995,0.0
2022-08-01,10.0,10,191.42269757820998,0.0
2022-08-01,11.0,11,191.73680324823002,0.0
2022-08-01,12.0,12,191.46552289358004,0.0
2022-08-01,13.0,13,291.56947264923997,0.0
2022-08-01,14.0,14,339.55097306461994,0.0
2022-08-01,15.0,15,191.44209487703998,0.0
2022-08-01,16.0,16,191.73513094566005,0.0
2022-08-01,17.0,17,191.60705748304997,0.0
2022-08-01,18.0,18,191.54000665035002,0.0
2022-08-01,19.0,19,235.0580452027,0.0
2022-08-01,20.0,20,191.54980188545002,0.0
2022-08-01,21.0,21,191.56173747241002,0.0
2022-08-01,22.0,22,191.44470973849997,0.0
2022-08-01,23.0,23,380.8170032325201,0.0
2022-08-01,24.0,24,246.95721595363997,0.0
2022-08-01,25.0,25,191.59600338562004,0.0
2022-08-01,26.0,26,191.21532772297004,0.0
2022-08-01,27.0,27,238.16789694564997,0.0
2022-08-01,28.0,28,239.36670249035998,0.0
2022-08-01,29.0,29,400.02895937961995,0.0
2022-08-01,30.0,30,191.57524931046999,0.0
2022-08-01,31.0,31,191.44938636851998,0.0
2022-08-01,32.0,32,190.38950320066,0.0
2022-09-01,0.0,0,144.30321926063002,0.0
2022-09-01,1.0,1,193.98789030952,0.0
2022-09-01,2.0,2,144.37593210129998,0.0
2022-09-01,3.0,3,144.51986368714995,0.0
2022-09-01,4.0,4,238.80102715121,0.0
2022-09-01,5.0,5,144.14320362591,0.0
2022-09-01,6.0,6,143.15378426174001,0.0
2022-09-01,7.0,7,143.01161576831004,0.0
2022-09-01,9.0,9,127.61059172841999,0.0
2022-09-01,10.0,10,144.33106539563002,0.0
2022-09-01,11.0,11,296.00874811053995,0.0
2022-09-01,12.0,12,144.10532188384,0.0
2022-09-01,13.0,13,409.72922403730007,61.00469608401336
2022-09-01,14.0,14,190.46517539701,0.0
2022-09-01,15.0,15,232.00602174913004,15.266427916427443
2022-09-01,16.0,16,144.10751502359,0.0
2022-09-01,17.0,17,144.06470109727002,0.0
2022-09-01,18.0,18,143.99773574214,0.0
2022-09-01,19.0,19,182.40315212672996,35.38581497797022
2022-09-01,20.0,20,181.33084770852,41.69373708274912
2022-09-01,21.0,21,144.25657740401002,0.0
2022-09-01,22.0,22,141.99927853038,0.0
2022-09-01,23.0,23,182.57106858876003,22.498816179460377
2022-09-01,24.0,24,144.22294607069003,0.0
2022-09-01,25.0,25,143.92377593928,0.0
2022-09-01,26.0,26,142.22196818392,0.0
2022-09-01,27.0,27,182.49300661201002,32.00298898096276
2022-09-01,28.0,28,143.90357142110003,0.0
2022-09-01,29.0,29,144.10380070681995,0.0
2022-09-01,30.0,30,229.49047928879006,6.081821866390766
2022-09-01,31.0,31,141.74566888274,0.0
2022-09-01,32.0,32,141.74594686091,0.0
2022-10-01,0.0,0,174.46216620139,36.244414466621464
2022-10-01,1.0,1,134.27103935210997,0.0
2022-10-01,2.0,2,134.1180859245,0.0
2022-10-01,3.0,3,171.78893286806004,201.86210756822567
2022-10-01,4.0,4,217.96041235293004,99.76930743897294
2022-10-01,5.0,5,134.35291509983,0.0
2022-10-01,6.0,6,133.93074678629998,0.0
2022-10-01,7.0,7,173.94858344794,31.135089263386934
2022-10-01,9.0,9,207.1767357529,84.28367947142905
2022-10-01,10.0,10,218.85320969638002,34.677855484099624
2022-10-01,11.0,11,134.55637060705,0.0
2022-10-01,12.0,12,134.59390159264998,0.0
2022-10-01,13.0,13,211.12339337234005,168.1310761325409
2022-10-01,14.0,14,174.23781039405003,59.59991020652384
2022-10-01,15.0,15,134.22090756469,0.0
2022-10-01,16.0,16,134.49549064732003,0.0
2022-10-01,17.0,17,220.89069421539998,60.16951661476093
2022-10-01,18.0,18,173.96910189780002,108.73542466514657
2022-10-01,19.0,19,134.11377955832,0.0
2022-10-01,20.0,20,171.84876047008004,23.848568484650528
2022-10-01,21.0,21,134.23293716652,0.0
2022-10-01,22.0,22,172.62362934186,58.51587079046199
2022-10-01,23.0,23,123.56908083857999,0.0
2022-10-01,24.0,24,134.24471467089003,0.0
2022-10-01,25.0,25,172.47087436902,28.600405619613138
2022-10-01,26.0,26,133.42464170123998,0.0
2022-10-01,27.0,27,134.55142538598,0.0
2022-10-01,28.0,28,276.12037170423,0.0
2022-10-01,29.0,29,134.39190734076,0.0
2022-10-01,30.0,30,134.30202231374,0.0
2022-10-01,31.0,31,172.83513213964,146.7356246952551
2022-10-01,32.0,32,82.10390186949,2.772832249083551
2022-11-01,0.0,0,130.53729545957,0.0
2022-11-01,1.0,1,130.7777900527,0.0
2022-11-01,2.0,2,130.60578898178,0.0
2022-11-01,3.0,3,130.50970823503,0.0
2022-11-01,4.0,4,130.85030114789,0.0
2022-11-01,5.0,5,118.36046801516999,0.0
2022-11-01,6.0,6,130.12486950198002,0.0
2022-11-01,7.0,7,131.18970520396002,0.0
2022-11-01,9.0,9,123.78035796674999,0.0
2022-11-01,10.0,10,118.37347446397003,0.0
2022-11-01,11.0,11,155.52733651178002,6.20706425177764
2022-11-01,12.0,12,154.40507993536997,0.8108222455891804
2022-11-01,13.0,13,154.07324330633003,0.8425888203280484
2022-11-01,14.0,14,118.38989289697,0.0
2022-11-01,15.0,15,155.81816925720995,3.604319481270901
2022-11-01,16.0,16,151.18710293802002,1.186471730704119
2022-11-01,17.0,17,118.57310796875,0.0
2022-11-01,18.0,18,183.97536793614006,21.143073885804682
2022-11-01,19.0,19,118.25361128577,0.0
2022-11-01,20.0,20,130.05444209467996,0.0
2022-11-01,21.0,21,118.48357329768996,0.0
2022-11-01,22.0,22,337.49122517635993,67.58582370422315
2022-11-01,23.0,23,118.47064688610004,0.0
2022-11-01,24.0,24,156.28765155097,2.6712010863817506
2022-11-01,25.0,25,151.30560166787006,45.04551815327725
2022-11-01,26.0,26,166.35214378346,115.55322933963599
2022-11-01,27.0,27,163.94508623987002,5.061589459099881
2022-11-01,28.0,28,126.39746649313997,0.0
2022-11-01,29.0,29,153.04786573329,11.76546235779561
2022-11-01,30.0,30,154.58874381583001,13.105254027426371
2022-11-01,31.0,31,129.95540496109,0.0
2022-11-01,32.0,32,69.59727144248998,0.0
2022-12-01,0.0,0,155.53959006039,71.29458656336776
2022-12-01,1.0,1,116.26989482124002,0.0
2022-12-01,2.0,2,116.17193792071996,0.0
2022-12-01,3.0,3,155.45597903006004,35.13335831229218
2022-12-01,4.0,4,154.22450598373,44.41634566164082
2022-12-01,5.0,5,146.15114855181002,9.471429332703597
2022-12-01,6.0,6,115.49261365192,0.0
2022-12-01,7.0,7,153.58426009735,29.74142645360748
2022-12-01,9.0,9,103.32818752528,0.0
2022-12-01,10.0,10,107.09328266275999,0.0
2022-12-01,11.0,11,106.74267114942,0.0
2022-12-01,12.0,12,107.09331503364002,0.0
2022-12-01,13.0,13,144.72951201759,9.488192425862465
2022-12-01,14.0,14,165.40696821791,0.0
2022-12-01,15.0,15,107.09122711772001,0.0
2022-12-01,16.0,16,107.14675993994001,0.0
2022-12-01,17.0,17,106.96868353561999,0.0
2022-12-01,18.0,18,146.40347014986,2.3306105500014422
2022-12-01,19.0,19,106.75699785821004,0.0
2022-12-01,20.0,20,116.12157868916998,0.0
2022-12-01,21.0,21,146.03691283595006,22.263593322049008
2022-12-01,22.0,22,191.05723155837998,50.511301601805954
2022-12-01,23.0,23,108.16531115087999,0.0
2022-12-01,24.0,24,106.83150101124998,0.0
2022-12-01,25.0,25,146.06613732038005,21.85781572208772
2022-12-01,26.0,26,115.87247669425997,0.0
2022-12-01,27.0,27,106.99925886487001,0.0
2022-12-01,28.0,28,113.79607395397,0.0
2022-12-01,29.0,29,107.00355149765998,0.0
2022-12-01,30.0,30,106.90068499325997,0.0
2022-12-01,31.0,31,115.71415265580998,0.0
2022-12-01,32.0,32,81.18267358186002,0.0
2023-01-01,0.0,0,175.92333739103,27.637917943288702
2023-01-01,1.0,1,224.96091894609003,60.801294611185654
2023-01-01,2.0,2,136.50531808830004,0.0
2023-01-01,3.0,3,136.33487840246,0.0
2023-01-01,4.0,4,175.85992442493003,22.01660031848522
2023-01-01,5.0,5,185.69465933502002,7.6167130519657285
2023-01-01,6.0,6,185.15308902292995,48.92220850598483
2023-01-01,7.0,7,101.59094256281996,0.0
2023-01-01,9.0,9,124.12069228528998,0.0
2023-01-01,10.0,10,136.73550334491998,0.0
2023-01-01,11.0,11,136.77230183704,0.0
2023-01-01,12.0,12,136.71886093669002,0.0
2023-01-01,13.0,13,187.92237992593002,12.609421750545891
2023-01-01,14.0,14,271.67368659325,3.5417706017096022
2023-01-01,15.0,15,136.94244826471,0.0
2023-01-01,16.0,16,136.6577280554,0.0
2023-01-01,17.0,17,188.89468642850002,11.858110746254356
2023-01-01,18.0,18,136.46713305714,0.0
2023-01-01,19.0,19,136.65413110981,0.0
2023-01-01,20.0,20,133.1743119446,0.0
2023-01-01,21.0,21,182.24928538831003,7.087711819352364
2023-01-01,22.0,22,133.4143211202,0.0
2023-01-01,23.0,23,128.48799685444,0.0
2023-01-01,24.0,24,136.81860999743,0.0
2023-01-01,25.0,25,185.81542971088,25.65584114284429
2023-01-01,26.0,26,133.43236840058003,0.0
2023-01-01,27.0,27,176.31730185525998,9.428666471667944
2023-01-01,28.0,28,136.76306363251,0.0
2023-01-01,29.0,29,136.65992351944996,0.0
2023-01-01,30.0,30,136.70105510705,0.0
2023-01-01,31.0,31,133.22384057319005,0.0
2023-01-01,32.0,32,177.62715872001007,27.874433731522625
2023-02-01,0.0,0,149.14587569629003,0.0
2023-02-01,1.0,1,397.81318843263995,139.03591621500965
2023-02-01,2.0,2,255.09361820412,94.1447034841816
2023-02-01,3.0,3,149.09603103952998,0.0
2023-02-01,4.0,4,149.03136586591998,0.0
2023-02-01,5.0,5,197.59394660078,10.203274652561085
2023-02-01,6.0,6,201.28537058209,33.11844607616168
2023-02-01,7.0,7,94.95230837745002,0.0
2023-02-01,9.0,9,140.58224387510998,0.0
2023-02-01,10.0,10,149.19021043910996,0.0
2023-02-01,11.0,11,149.13001890015,0.0
2023-02-01,12.0,12,149.04653831477998,0.0
2023-02-01,13.0,13,149.02916951288,0.0
2023-02-01,14.0,14,202.20176344961,8.683257391315577
2023-02-01,15.0,15,148.68594903627002,0.0
2023-02-01,16.0,16,149.32407049033,0.0
2023-02-01,17.0,17,149.06870972922,0.0
2023-02-01,18.0,18,197.82287859634005,2.843069698077727
2023-02-01,19.0,19,203.10427032268004,7.355775746727608
2023-02-01,20.0,20,148.81689766174,0.0
2023-02-01,21.0,21,149.04697617154002,0.0
2023-02-01,22.0,22,148.96069911293003,0.0
2023-02-01,23.0,23,136.54096112776998,0.0
2023-02-01,24.0,24,253.61090062792,8.767588992283065
2023-02-01,25.0,25,149.52025288342003,0.0
2023-02-01,26.0,26,149.08422787205998,0.0
2023-02-01,27.0,27,149.05078338771003,0.0
2023-02-01,28.0,28,149.47357129405998,0.0
2023-02-01,29.0,29,149.27143750378,0.0
2023-02-01,30.0,30,148.98336291376003,0.0
2023-02-01,31.0,31,201.53354502427004,94.90923731421373
2023-02-01,32.0,32,94.24422932517997,0.0
2023-03-01,0.0,0,148.16357657683002,0.0
2023-03-01,1.0,1,148.37202811414,0.0
2023-03-01,2.0,2,148.11997380838997,0.0
2023-03-01,3.0,3,148.43252748198,0.0
2023-03-01,4.0,4,148.31900403038998,0.0
2023-03-01,5.0,5,149.10615706894,0.0
2023-03-01,6.0,6,120.85250341724999,0.0
2023-03-01,7.0,7,206.91269077977992,39.366321992792884
2023-03-01,9.0,9,133.04748283029,0.0
2023-03-01,10.0,10,149.05287036569,0.0
2023-03-01,11.0,11,206.09071365124998,11.882857585902537
2023-03-01,12.0,12,148.62024001782004,0.0
2023-03-01,13.0,13,148.48754794879,0.0
2023-03-01,14.0,14,148.68994455359,0.0
2023-03-01,15.0,15,372.10484553076014,0.0
2023-03-01,16.0,16,207.96490706301006,3.2682890641474702
2023-03-01,17.0,17,206.82702151881,4.44083498584109
2023-03-01,18.0,18,195.67934168955998,3.239914814434569
2023-03-01,19.0,19,207.35913375411,5.39084237804077
2023-03-01,20.0,20,206.71283919778998,54.24631995205009
2023-03-01,21.0,21,148.82704661777996,0.0
2023-03-01,22.0,22,148.47817167331002,0.0
2023-03-01,23.0,23,120.37139314182,0.0
2023-03-01,24.0,24,148.97671812501,0.0
2023-03-01,25.0,25,148.54615299533995,0.0
2023-03-01,26.0,26,148.15820259234002,0.0
2023-03-01,27.0,27,149.00976290710003,0.0
2023-03-01,28.0,28,147.76967878414,0.0
2023-03-01,29.0,29,148.72120452329,0.0
2023-03-01,30.0,30,206.73364675221998,7.909503664995362
2023-03-01,31.0,31,148.39989555209,0.0
2023-03-01,32.0,32,148.32417950658999,26.192604216663344
2023-04-01,0.0,0,148.98085632496,0.0
2023-04-01,1.0,1,149.88232200072,0.0
2023-04-01,2.0,2,149.86665192344,0.0
2023-04-01,3.0,3,149.23195854838002,0.0
2023-04-01,4.0,4,150.00483449537,0.0
2023-04-01,5.0,5,148.17671382103003,0.0
2023-04-01,6.0,6,160.19417093366,0.0
2023-04-01,7.0,7,161.69122213936998,0.0
2023-04-01,9.0,9,144.92524758714,0.0
2023-04-01,10.0,10,210.07076898908002,44.9336660542883
2023-04-01,11.0,11,148.83384188559998,0.0
2023-04-01,12.0,12,148.89536188007003,0.0
2023-04-01,13.0,13,212.1172115852101,20.075341967111775
2023-04-01,14.0,14,202.82821759737,47.91341307509267
2023-04-01,15.0,15,208.40493916065003,4.6638678718218065
2023-04-01,16.0,16,148.37148923349997,0.0
2023-04-01,17.0,17,148.54669245377,0.0
2023-04-01,18.0,18,148.74397094446,0.0
2023-04-01,19.0,19,214.03975349209998,48.12423050694604
2023-04-01,20.0,20,148.49051838575002,0.0
2023-04-01,21.0,21,148.64140021948,0.0
2023-04-01,22.0,22,212.24639747711,121.52307926553752
2023-04-01,23.0,23,127.70493822332003,0.0
2023-04-01,24.0,24,148.49021439055002,0.0
2023-04-01,25.0,25,148.82392658372,0.0
2023-04-01,26.0,26,148.65651971467,0.0
2023-04-01,27.0,27,148.75555715795002,0.0
2023-04-01,28.0,28,159.28653817589,0.0
2023-04-01,29.0,29,148.55816380660005,0.0
2023-04-01,30.0,30,148.71162125425,0.0
2023-04-01,31.0,31,149.48149524857007,0.0
2023-04-01,32.0,32,150.43203796206,0.0
2023-05-01,0.0,0,295.78785852612,572.2993298971727
2023-05-01,1.0,1,172.62763321128995,0.0
2023-05-01,2.0,2,172.66978794529004,0.0
2023-05-01,3.0,3,233.94538469173,500.2174724642115
2023-05-01,4.0,4,173.12949914641,0.0
2023-05-01,5.0,5,840.9013568000099,99.53185463077202
2023-05-01,6.0,6,170.08284729474,0.0
2023-05-01,7.0,7,175.60571460835,0.0
2023-05-01,9.0,9,225.35012084467007,50.758928822419705
2023-05-01,10.0,10,236.67510167076003,27.725025662476618
2023-05-01,11.0,11,175.4463712403,0.0
2023-05-01,12.0,12,175.45567118428,0.0
2023-05-01,13.0,13,175.00646110157,0.0
2023-05-01,14.0,14,175.59257235769,0.0
2023-05-01,15.0,15,175.52409182957,0.0
2023-05-01,16.0,16,236.28365748978007,168.71799266138487
2023-05-01,17.0,17,280.3741536840299,92.100509235814
2023-05-01,18.0,18,241.67403834760995,292.1637349331106
2023-05-01,19.0,19,175.76747829215003,0.0
2023-05-01,20.0,20,168.10737691137004,0.0
2023-05-01,21.0,21,175.16137759157002,0.0
2023-05-01,22.0,22,168.19165916183002,0.0
2023-05-01,23.0,23,228.80830370558,140.43853570664348
2023-05-01,24.0,24,175.26582442683,0.0
2023-05-01,25.0,25,175.61372528598002,0.0
2023-05-01,26.0,26,168.71157071777995,0.0
2023-05-01,27.0,27,240.10687407616996,42.966508546239
2023-05-01,28.0,28,420.52027130567996,139.1403232446483
2023-05-01,29.0,29,175.53277894144,0.0
2023-05-01,30.0,30,236.47077310953992,55.01857450012096
2023-05-01,31.0,31,229.15908803448,378.63797931713
2023-05-01,32.0,32,237.51334058984,71.81511324466481
2023-06-01,0.0,0,207.67928821040002,71.59776639273704
2023-06-01,1.0,1,147.11502906818998,0.0
2023-06-01,2.0,2,147.17887242022002,0.0
2023-06-01,3.0,3,212.23358640369997,18.847685327118853
2023-06-01,4.0,4,210.15099251632,22.806142093753916
2023-06-01,5.0,5,147.30199249513,0.0
2023-06-01,6.0,6,147.00606831288,0.0
2023-06-01,7.0,7,147.64705529269,0.0
2023-06-01,9.0,9,132.66518906974,0.0
2023-06-01,10.0,10,380.1755542093501,0.0
2023-06-01,11.0,11,147.31491507890996,0.0
2023-06-01,12.0,12,147.56706092958999,0.0
2023-06-01,13.0,13,274.7416714341601,73.97228603778572
2023-06-01,14.0,14,207.80860112473994,27.3177237821592
2023-06-01,15.0,15,147.35940502597,0.0
2023-06-01,16.0,16,147.45682995695,0.0
2023-06-01,17.0,17,273.0151849471999,58.12331390890426
2023-06-01,18.0,18,433.5500816964102,26.870220072625816
2023-06-01,19.0,19,147.47261111838,0.0
2023-06-01,20.0,20,146.05566257133998,0.0
2023-06-01,21.0,21,147.33775755701,0.0
2023-06-01,22.0,22,146.35770964168998,0.0
2023-06-01,23.0,23,212.2683129523401,24.42282388114758
2023-06-01,24.0,24,147.46522543309,0.0
2023-06-01,25.0,25,147.46738622101,0.0
2023-06-01,26.0,26,146.72344793328,0.0
2023-06-01,27.0,27,147.52041596908003,0.0
2023-06-01,28.0,28,145.95953086273997,0.0
2023-06-01,29.0,29,147.42496979328,0.0
2023-06-01,30.0,30,147.46866341425,0.0
2023-06-01,31.0,31,146.69545641161997,0.0
2023-06-01,32.0,32,146.09734533342,0.0
2023-07-01,0.0,0,122.95834292528002,0.0
2023-07-01,1.0,1,195.61287181448998,220.81827920174132
2023-07-01,2.0,2,123.31726273204998,0.0
2023-07-01,3.0,3,123.34787626914,0.0
2023-07-01,4.0,4,189.67812921102998,11.673679816647402
2023-07-01,5.0,5,150.4580965532,0.0
2023-07-01,6.0,6,219.90446682771002,21.491566635601036
2023-07-01,7.0,7,152.8986437465,0.0
2023-07-01,9.0,9,209.62773811421994,18.5192264309556
2023-07-01,10.0,10,150.65585053949002,0.0
2023-07-01,11.0,11,150.38976208,0.0
2023-07-01,12.0,12,150.44952844400999,0.0
2023-07-01,13.0,13,150.50331817708,0.0
2023-07-01,14.0,14,217.43845952518998,26.61856363796181
2023-07-01,15.0,15,150.40108673738,0.0
2023-07-01,16.0,16,150.43570391865,0.0
2023-07-01,17.0,17,150.33058595443,0.0
2023-07-01,18.0,18,150.13207239719,0.0
2023-07-01,19.0,19,218.6838973313,20.922994998657614
2023-07-01,20.0,20,147.21901901861997,0.0
2023-07-01,21.0,21,150.54447973599,0.0
2023-07-01,22.0,22,147.23537318181002,0.0
2023-07-01,23.0,23,151.24076373022,0.0
2023-07-01,24.0,24,150.57900166144,0.0
2023-07-01,25.0,25,150.57633297030998,0.0
2023-07-01,26.0,26,147.36907937544999,0.0
2023-07-01,27.0,27,150.52015289356,0.0
2023-07-01,28.0,28,393.41401141011994,0.0
2023-07-01,29.0,29,219.97052509138004,39.921845432791145
2023-07-01,30.0,30,286.65221286022,62.642512015339
2023-07-01,31.0,31,147.46765652543,0.0
2023-07-01,32.0,32,19.514345506549997,0.0
2023-08-01,0.0,0,211.89774184177,116.09178419363789
2023-08-01,1.0,1,147.90539869155995,0.0
2023-08-01,2.0,2,148.01917125973,0.0
2023-08-01,3.0,3,147.76462758608997,0.0
2023-08-01,4.0,4,147.61151729576997,0.0
2023-08-01,5.0,5,211.76304439227005,9.857455682498498
2023-08-01,6.0,6,148.39496736527,0.0
2023-08-01,7.0,7,218.14652798081994,20.57249047852867
2023-08-01,9.0,9,142.90408193196993,0.0
2023-08-01,10.0,10,147.94848034744,0.0
2023-08-01,11.0,11,147.81154213760001,0.0
2023-08-01,12.0,12,148.05790112959,0.0
2023-08-01,13.0,13,216.38764698971,18.934573420612345
2023-08-01,14.0,14,148.00452595605,0.0
2023-08-01,15.0,15,287.5361238404199,64.18170932132611
2023-08-01,16.0,16,148.02763928205002,0.0
2023-08-01,17.0,17,216.9169761802999,47.913303558669156
2023-08-01,18.0,18,148.04469241796002,0.0
2023-08-01,19.0,19,147.96553575871002,0.0
2023-08-01,20.0,20,145.75104672239996,0.0
2023-08-01,21.0,21,147.93103138934003,0.0
2023-08-01,22.0,22,145.00999207905002,0.0
2023-08-01,23.0,23,212.20919779527995,132.18770040313467
2023-08-01,24.0,24,147.97914188929,0.0
2023-08-01,25.0,25,147.70049862206,0.0
2023-08-01,26.0,26,144.83177896880997,0.0
2023-08-01,27.0,27,147.83826186809995,0.0
2023-08-01,28.0,28,147.22700865291003,0.0
2023-08-01,29.0,29,147.86660002711002,0.0
2023-08-01,30.0,30,147.93538472660003,0.0
2023-08-01,31.0,31,214.2945236377399,170.9661194761816
2023-08-01,32.0,32,93.38306982319999,0.0
2023-09-01,0.0,0,114.31077712648,0.0
2023-09-01,1.0,1,114.39298556278001,0.0
2023-09-01,2.0,2,114.62328540627996,0.0
2023-09-01,3.0,3,114.29782697817001,0.0
2023-09-01,4.0,4,113.93658758887997,0.0
2023-09-01,5.0,5,179.91412398805,13.310851567153238
2023-09-01,6.0,6,116.29132044251,0.0
2023-09-01,7.0,7,102.11560941820998,0.0
2023-09-01,9.0,9,167.46314191785,45.86951812319837
2023-09-01,10.0,10,115.57990375396001,0.0
2023-09-01,11.0,11,115.15521838131004,0.0
2023-09-01,12.0,12,115.57720893445004,0.0
2023-09-01,13.0,13,115.41530393230002,0.0
2023-09-01,14.0,14,115.43948540060003,0.0
2023-09-01,15.0,15,115.50732808767002,0.0
2023-09-01,16.0,16,115.35423567962002,0.0
2023-09-01,17.0,17,179.26099494423,41.351978145662606
2023-09-01,18.0,18,115.25825686188001,0.0
2023-09-01,19.0,19,115.12355580389998,0.0
2023-09-01,20.0,20,112.32777098665998,0.0
2023-09-01,21.0,21,179.79392560753007,40.550104017460995
2023-09-01,22.0,22,135.28636937753,0.0
2023-09-01,23.0,23,116.17155286410001,0.0
2023-09-01,24.0,24,115.51207036717999,0.0
2023-09-01,25.0,25,180.17318064645005,34.89136814477332
2023-09-01,26.0,26,112.32377901702998,0.0
2023-09-01,27.0,27,115.53443675182999,0.0
2023-09-01,28.0,28,114.78240922762001,0.0
2023-09-01,29.0,29,115.28895786671,0.0
2023-09-01,30.0,30,115.38781517637999,0.0
2023-09-01,31.0,31,178.13523283466,32.264058551633305
2023-09-01,32.0,32,55.08052579781001,0.0
2023-10-01,0.0,0,111.25517300991999,0.0
2023-10-01,1.0,1,111.50435059845998,0.0
2023-10-01,2.0,2,111.71750368103001,0.0
2023-10-01,3.0,3,111.31988611540999,0.0
2023-10-01,4.0,4,111.45013245435001,0.0
2023-10-01,5.0,5,117.22366572931999,0.0
2023-10-01,6.0,6,119.05425610496998,0.0
2023-10-01,7.0,7,-66.33207902851998,0.0
2023-10-01,9.0,9,169.30725323536004,17.272856490215492
2023-10-01,10.0,10,117.04463110618002,0.0
2023-10-01,11.0,11,116.91684306584999,0.0
2023-10-01,12.0,12,117.08044685246001,0.0
2023-10-01,13.0,13,176.91880154961999,5.0985967416344655
2023-10-01,14.0,14,117.08046302477003,0.0
2023-10-01,15.0,15,180.06229805002997,15.466842241917083
2023-10-01,16.0,16,116.87686716017001,0.0
2023-10-01,17.0,17,116.86133195015003,0.0
2023-10-01,18.0,18,313.94593180270994,45.71459362460878
2023-10-01,19.0,19,322.73068606924,35.540114814039526
2023-10-01,20.0,20,182.2940554815,64.63455421857704
2023-10-01,21.0,21,116.98659563396001,0.0
2023-10-01,22.0,22,115.22824248944998,0.0
2023-10-01,23.0,23,118.33876987603,0.0
2023-10-01,24.0,24,116.65361317223999,0.0
2023-10-01,25.0,25,116.90428326704001,0.0
2023-10-01,26.0,26,115.17355445678999,0.0
2023-10-01,27.0,27,116.96975591536,0.0
2023-10-01,28.0,28,115.02886468613,0.0
2023-10-01,29.0,29,117.19003622063998,0.0
2023-10-01,30.0,30,182.99604246871004,32.96821270635739
2023-10-01,31.0,31,115.35181811225999,0.0
2023-10-01,32.0,32,22.597115158420007,0.0
2023-11-01,0.0,0,232.4958563666,21.046393474937474
2023-11-01,1.0,1,147.94065592439,0.0
2023-11-01,2.0,2,147.53264057589,0.0
2023-11-01,3.0,3,147.8789958365,0.0
2023-11-01,4.0,4,148.01802797482,0.0
2023-11-01,5.0,5,147.82379466436998,0.0
2023-11-01,6.0,6,149.36569245565997,0.0
2023-11-01,7.0,7,149.14669558588002,0.0
2023-11-01,9.0,9,219.76367930795993,73.9039106362976
2023-11-01,10.0,10,148.12793903574,0.0
2023-11-01,11.0,11,147.94992673363004,0.0
2023-11-01,12.0,12,147.91825772513002,0.0
2023-11-01,13.0,13,147.81703441829998,0.0
2023-11-01,14.0,14,147.87958926776,0.0
2023-11-01,15.0,15,148.01988221032002,0.0
2023-11-01,16.0,16,442.3128866559299,0.0
2023-11-01,17.0,17,147.73363149355998,0.0
2023-11-01,18.0,18,147.81862765247,0.0
2023-11-01,19.0,19,147.98463196368002,0.0
2023-11-01,20.0,20,148.53181558788,0.0
2023-11-01,21.0,21,147.76908303048998,0.0
2023-11-01,22.0,22,148.66321986401996,0.0
2023-11-01,23.0,23,149.19891620162002,0.0
2023-11-01,24.0,24,147.72590658103,0.0
2023-11-01,25.0,25,147.93484384126998,0.0
2023-11-01,26.0,26,148.64476273335,0.0
2023-11-01,27.0,27,233.32729919436994,33.54731803619878
2023-11-01,28.0,28,145.73576963882002,0.0
2023-11-01,29.0,29,234.93560611292,49.240053063897285
2023-11-01,30.0,30,438.38544218786996,0.0
2023-11-01,31.0,31,148.82056884672002,0.0
2023-11-01,32.0,32,-112.3735487426,0.0
2023-12-01,0.0,0,157.33376145482998,0.0
2023-12-01,1.0,1,156.67961226930998,0.0
2023-12-01,2.0,2,157.12522890363002,0.0
2023-12-01,3.0,3,156.80288359558998,0.0
2023-12-01,4.0,4,156.94757853505,0.0
2023-12-01,5.0,5,156.60514960244,0.0
2023-12-01,6.0,6,158.37588278451003,0.0
2023-12-01,7.0,7,74.17919323189,0.0
2023-12-01,9.0,9,128.30791653909003,0.0
2023-12-01,10.0,10,346.56173582478004,100.81547041199964
2023-12-01,11.0,11,156.65871907270997,0.0
2023-12-01,12.0,12,248.1182218175,45.62783988483001
2023-12-01,13.0,13,156.52902337628,0.0
2023-12-01,14.0,14,251.46751685563007,25.24866147128793
2023-12-01,15.0,15,156.25466183467,0.0
2023-12-01,16.0,16,156.61256535074997,0.0
2023-12-01,17.0,17,156.68994237652004,0.0
2023-12-01,18.0,18,156.61022935192005,0.0
2023-12-01,19.0,19,156.66120421168003,0.0
2023-12-01,20.0,20,157.20695809122995,0.0
2023-12-01,21.0,21,489.8465071238099,0.0
2023-12-01,22.0,22,157.08772083943,0.0
2023-12-01,23.0,23,153.76907508232998,0.0
2023-12-01,24.0,24,156.78901791478,0.0
2023-12-01,25.0,25,252.78479034555,26.475185918425144
2023-12-01,26.0,26,156.71273092540002,0.0
2023-12-01,27.0,27,250.37973953633994,8.900034806417288
2023-12-01,28.0,28,154.48645571712,0.0
2023-12-01,29.0,29,156.37351274079998,0.0
2023-12-01,30.0,30,156.08143632750003,0.0
2023-12-01,31.0,31,157.05555766017,0.0
2023-12-01,32.0,32,74.60130575127,0.0
2024-01-01,0.0,0,163.80855786728003,0.0
2024-01-01,1.0,1,163.84265616545002,0.0
2024-01-01,2.0,2,164.27534433808,0.0
2024-01-01,3.0,3,164.02837759112,0.0
2024-01-01,4.0,4,163.76731349812002,0.0
2024-01-01,5.0,5,163.4110944029,0.0
2024-01-01,6.0,6,164.75023500729003,0.0
2024-01-01,7.0,7,236.07910738541003,214.76150508559456
2024-01-01,9.0,9,147.41001816638,0.0
2024-01-01,10.0,10,260.07051749132,30.54066455048243
2024-01-01,11.0,11,163.50910940646003,0.0
2024-01-01,12.0,12,163.48091904777002,0.0
2024-01-01,13.0,13,162.98797901174004,0.0
2024-01-01,14.0,14,162.75579959056,0.0
2024-01-01,15.0,15,163.30797750211,0.0
2024-01-01,16.0,16,256.98363291282,20.3065779365173
2024-01-01,17.0,17,258.13660234368,25.274289049887916
2024-01-01,18.0,18,163.32572122903,0.0
2024-01-01,19.0,19,257.84426631709005,808.4349666706565
2024-01-01,20.0,20,163.78071403223996,0.0
2024-01-01,21.0,21,163.46752248248998,0.0
2024-01-01,22.0,22,163.58455905558003,0.0
2024-01-01,23.0,23,161.02167949001998,0.0
2024-01-01,24.0,24,268.3494195167301,19.93754222556792
2024-01-01,25.0,25,163.38927380484,0.0
2024-01-01,26.0,26,163.79164090764996,0.0
2024-01-01,27.0,27,163.44734861296,0.0
2024-01-01,28.0,28,160.14811966884002,0.0
2024-01-01,29.0,29,163.57729459693002,0.0
2024-01-01,30.0,30,163.34233711666997,0.0
2024-01-01,31.0,31,163.58284630121,0.0
2024-01-01,32.0,32,63.278284642420026,35.72695635105473
2024-02-01,0.0,0,190.24041122770996,0.0
2024-02-01,1.0,1,190.23091717006002,0.0
2024-02-01,2.0,2,190.47379913721,0.0
2024-02-01,3.0,3,190.26466064022995,0.0
2024-02-01,4.0,4,189.97273405891002,0.0
2024-02-01,5.0,5,156.64869407833,24.778947797955993
2024-02-01,6.0,6,192.94480378091004,0.0
2024-02-01,7.0,7,289.04375281345,19.063873203346066
2024-02-01,9.0,9,144.1980881413,0.0
2024-02-01,10.0,10,16.606744575169998,0.0
2024-02-01,11.0,11,16.588525688590007,0.0
2024-02-01,12.0,12,16.527262789769996,0.0
2024-02-01,13.0,13,16.650551651789996,0.0
2024-02-01,14.0,14,16.234255134909994,0.0
2024-02-01,15.0,15,16.23418086282,0.0
2024-02-01,16.0,16,129.17440743263,67.40097060226059
2024-02-01,17.0,17,212.40980399023994,79.68861076720523
2024-02-01,18.0,18,16.417562778769994,0.0
2024-02-01,19.0,19,16.387728609870013,0.0
2024-02-01,20.0,20,191.3960664307,0.0
2024-02-01,21.0,21,16.57224751224,0.0
2024-02-01,22.0,22,191.18907135403003,0.0
2024-02-01,23.0,23,187.02942655817,0.0
2024-02-01,24.0,24,16.54657236387,0.0
2024-02-01,25.0,25,16.567572925350003,0.0
2024-02-01,26.0,26,191.23405171855998,0.0
2024-02-01,27.0,27,16.62433005845999,0.0
2024-02-01,28.0,28,186.37691161896996,0.0
2024-02-01,29.0,29,16.447701789310003,0.0
2024-02-01,30.0,30,16.503978255049987,0.0
2024-02-01,31.0,31,547.41281754494,932.0794153036426
2024-02-01,32.0,32,48.39769693845999,0.0
2024-03-01,0.0,0,238.52943021845002,0.0
2024-03-01,1.0,1,237.96872016644997,0.0
2024-03-01,2.0,2,238.73627115568001,0.0
2024-03-01,3.0,3,238.33226235037,0.0
2024-03-01,4.0,4,239.18058629531006,0.0
2024-03-01,5.0,5,241.35184462943997,0.0
2024-03-01,6.0,6,240.95261455402002,0.0
2024-03-01,7.0,7,391.17934817958,43.0825955767859
2024-03-01,9.0,9,204.56757876752005,0.0
2024-03-01,10.0,10,241.40034630764,0.0
2024-03-01,11.0,11,241.54609605612,0.0
2024-03-01,12.0,12,416.29317797885994,60.789186378005645
2024-03-01,13.0,13,240.89944321819996,0.0
2024-03-01,14.0,14,241.17169669707,0.0
2024-03-01,15.0,15,241.54759850876005,0.0
2024-03-01,16.0,16,241.21254304443997,0.0
2024-03-01,17.0,17,241.05683462092,0.0
2024-03-01,18.0,18,240.96361581847,0.0
2024-03-01,19.0,19,873.8138402834201,0.0
2024-03-01,20.0,20,240.36703087994,0.0
2024-03-01,21.0,21,241.57014697310998,0.0
2024-03-01,22.0,22,240.40062233666,0.0
2024-03-01,23.0,23,113.02457852563997,0.0
2024-03-01,24.0,24,241.35119452470994,0.0
2024-03-01,25.0,25,241.24749667501,0.0
2024-03-01,26.0,26,240.67034828721003,0.0
2024-03-01,27.0,27,241.44352667979007,0.0
2024-03-01,28.0,28,236.16683878804002,0.0
2024-03-01,29.0,29,241.25997927710003,0.0
2024-03-01,30.0,30,241.32884163093001,0.0
2024-03-01,31.0,31,240.63836904059,0.0
2024-03-01,32.0,32,134.30902634851998,0.0
2024-04-01,0.0,0,205.58771347675,0.0
2024-04-01,1.0,1,204.63477902802,0.0
2024-04-01,2.0,2,348.5175344484399,23.69753569775264
2024-04-01,3.0,3,205.41275309102,0.0
2024-04-01,4.0,4,205.32800077431,0.0
2024-04-01,5.0,5,209.18610540113,0.0
2024-04-01,6.0,6,208.98654161016,0.0
2024-04-01,7.0,7,61.39275495331998,0.0
2024-04-01,9.0,9,85.71942942363002,0.0
2024-04-01,10.0,10,209.24307801887008,0.0
2024-04-01,11.0,11,209.04227032749998,0.0
2024-04-01,12.0,12,361.3664546002099,16.30640920317607
2024-04-01,13.0,13,209.01447138772002,0.0
2024-04-01,14.0,14,209.12499485849,0.0
2024-04-01,15.0,15,208.93273299092,0.0
2024-04-01,16.0,16,357.0962721400899,31.148688309511808
2024-04-01,17.0,17,208.94728819475998,0.0
2024-04-01,18.0,18,209.02840593099998,0.0
2024-04-01,19.0,19,209.17338706439992,0.0
2024-04-01,20.0,20,208.57416471715993,0.0
2024-04-01,21.0,21,208.93706537566,0.0
2024-04-01,22.0,22,208.83201366876003,0.0
2024-04-01,23.0,23,340.9963882506401,183.45076184787263
2024-04-01,24.0,24,209.13972393431004,0.0
2024-04-01,25.0,25,208.80597736229996,0.0
2024-04-01,26.0,26,208.60477345903004,0.0
2024-04-01,27.0,27,208.86362417328007,0.0
2024-04-01,28.0,28,482.10757152843996,430.50300977446415
2024-04-01,29.0,29,371.41895907523,29.134810618400866
2024-04-01,30.0,30,209.13553521059,0.0
2024-04-01,31.0,31,208.4157577999,0.0
2024-04-01,32.0,32,202.80817859531,0.0
2024-05-01,0.0,0,235.02692984742998,0.0
2024-05-01,1.0,1,373.12848487605004,65.18254860205364
2024-05-01,2.0,2,403.2261257250701,489.9969019391669
2024-05-01,3.0,3,234.79209408324004,0.0
2024-05-01,4.0,4,370.59392592725004,74.95112707393766
2024-05-01,5.0,5,218.1032202105,0.0
2024-05-01,6.0,6,402.68410209491,280.76660443090526
2024-05-01,7.0,7,235.95316471767,0.0
2024-05-01,9.0,9,186.42483526513996,0.0
2024-05-01,10.0,10,217.94387495056003,0.0
2024-05-01,11.0,11,217.48225543251996,0.0
2024-05-01,12.0,12,218.03909117697,0.0
2024-05-01,13.0,13,217.91510918388008,0.0
2024-05-01,14.0,14,385.20899470015996,19.82435925999281
2024-05-01,15.0,15,217.95483304821002,0.0
2024-05-01,16.0,16,217.62323929018,0.0
2024-05-01,17.0,17,385.55412302946,24.159682562200704
2024-05-01,18.0,18,217.91459617286003,0.0
2024-05-01,19.0,19,218.09333601614003,0.0
2024-05-01,20.0,20,190.33112358629998,0.0
2024-05-01,21.0,21,349.52340342632004,48.17683754759456
2024-05-01,22.0,22,190.96623870708999,0.0
2024-05-01,23.0,23,231.09438788655993,0.0
2024-05-01,24.0,24,385.72148976435017,98.703907147494
2024-05-01,25.0,25,217.93030224366007,0.0
2024-05-01,26.0,26,190.72319459233,0.0
2024-05-01,27.0,27,389.93688692572,116.6109921378305
2024-05-01,28.0,28,359.7584139684401,22.56372824255167
2024-05-01,29.0,29,218.12787313116002,0.0
2024-05-01,30.0,30,218.18848760708005,0.0
2024-05-01,31.0,31,191.05396381699,0.0
2024-05-01,32.0,32,109.27146078489001,0.0
2024-06-01,0.0,0,381.74554326584,134.80824424337277
2024-06-01,1.0,1,224.84396776597998,0.0
2024-06-01,2.0,2,225.12251148427,0.0
2024-06-01,3.0,3,388.8048008205999,224.8946929526845
2024-06-01,4.0,4,225.02513335536995,0.0
2024-06-01,5.0,5,382.19993119911004,34.01453461732115
2024-06-01,6.0,6,222.68623441600002,0.0
2024-06-01,7.0,7,202.96999506817005,0.0
2024-06-01,9.0,9,66.82323967335999,0.0
2024-06-01,10.0,10,225.85256595943002,0.0
2024-06-01,11.0,11,385.70244696347993,122.21824148579435
2024-06-01,12.0,12,391.24204805650993,47.14395401736981
2024-06-01,13.0,13,225.94358402097996,0.0
2024-06-01,14.0,14,386.75038689391,13.837167789412769
2024-06-01,15.0,15,371.80647792482995,45.26542111406715
2024-06-01,16.0,16,380.30217998497,34.311454166777985
2024-06-01,17.0,17,225.76475386338,0.0
2024-06-01,18.0,18,225.87726318562997,0.0
2024-06-01,19.0,19,389.67503739676,36.412009653918446
2024-06-01,20.0,20,374.31236617468005,461.7442691604799
2024-06-01,21.0,21,384.10442625090997,33.18064588859995
2024-06-01,22.0,22,224.25140997043002,0.0
2024-06-01,23.0,23,384.63489068652024,298.1417745160777
2024-06-01,24.0,24,225.74691590717003,0.0
2024-06-01,25.0,25,225.85910394258994,0.0
2024-06-01,26.0,26,223.80186667113003,0.0
2024-06-01,27.0,27,225.54777004461,0.0
2024-06-01,28.0,28,219.19689922183008,0.0
2024-06-01,29.0,29,225.91801196575994,0.0
2024-06-01,30.0,30,225.82744362094002,0.0
2024-06-01,31.0,31,224.16849682300997,0.0
2024-06-01,32.0,32,21.252426485209995,0.0
2024-07-01,0.0,0,249.57272096997994,0.0
2024-07-01,1.0,1,249.77918058863997,0.0
2024-07-01,2.0,2,249.9087990445,0.0
2024-07-01,3.0,3,249.39022677530002,0.0
2024-07-01,4.0,4,405.53196469872006,127.24925756212609
2024-07-01,5.0,5,336.5611393457301,71.91486659432029
2024-07-01,6.0,6,252.63862633789,0.0
2024-07-01,7.0,7,253.22613860756,0.0
2024-07-01,9.0,9,182.03364697560002,0.0
2024-07-01,10.0,10,193.20051291654,0.0
2024-07-01,11.0,11,344.8491393284501,34.37084208156755
2024-07-01,12.0,12,193.19941553857004,0.0
2024-07-01,13.0,13,342.68276842801004,21.801964972082292
2024-07-01,14.0,14,193.4909664065501,0.0
2024-07-01,15.0,15,332.1586410299001,48.665570540699264
2024-07-01,16.0,16,193.29674207259004,0.0
2024-07-01,17.0,17,193.85518794162,0.0
2024-07-01,18.0,18,193.20988298010005,0.0
2024-07-01,19.0,19,193.44474648177,0.0
2024-07-01,20.0,20,251.99889980482996,0.0
2024-07-01,21.0,21,193.85473914707998,0.0
2024-07-01,22.0,22,252.26044987413005,0.0
2024-07-01,23.0,23,400.17874754197004,28.87753335366666
2024-07-01,24.0,24,193.84447217063,0.0
2024-07-01,25.0,25,194.05781748969,0.0
2024-07-01,26.0,26,252.11876418400996,0.0
2024-07-01,27.0,27,349.20656205333,90.21333538016559
2024-07-01,28.0,28,244.51260847782004,0.0
2024-07-01,29.0,29,193.53262002421,0.0
2024-07-01,30.0,30,762.26971113864,0.0
2024-07-01,31.0,31,252.07302844099996,0.0
2024-07-01,32.0,32,190.06562847473998,41.77776035692591
2024-08-01,0.0,0,246.48199041019996,0.0
2024-08-01,1.0,1,247.22589027577996,0.0
2024-08-01,2.0,2,247.63949138204003,0.0
2024-08-01,3.0,3,247.72735216128,0.0
2024-08-01,4.0,4,248.17090304977998,0.0
2024-08-01,5.0,5,250.75609906583998,0.0
2024-08-01,6.0,6,250.75590878796,0.0
2024-08-01,7.0,7,241.27900618259997,0.0
2024-08-01,9.0,9,213.56303707712001,0.0
2024-08-01,10.0,10,251.0680091931,0.0
2024-08-01,11.0,11,250.88612109636003,0.0
2024-08-01,12.0,12,742.0149525459202,107.877200630029
2024-08-01,13.0,13,250.27464486486002,0.0
2024-08-01,14.0,14,250.89490109062,0.0
2024-08-01,15.0,15,250.59803942871994,0.0
2024-08-01,16.0,16,250.63050823830008,0.0
2024-08-01,17.0,17,698.5378052583401,155.9321906372068
2024-08-01,18.0,18,251.00907999322007,0.0
2024-08-01,19.0,19,250.91208308487998,0.0
2024-08-01,20.0,20,699.6174251476201,1665.7629338428806
2024-08-01,21.0,21,251.14977188518003,0.0
2024-08-01,22.0,22,250.29061431543994,0.0
2024-08-01,23.0,23,242.83936236612,0.0
2024-08-01,24.0,24,250.86851703798,0.0
2024-08-01,25.0,25,250.77394990418003,0.0
2024-08-01,26.0,26,249.63842914246007,0.0
2024-08-01,27.0,27,687.5331510880601,192.32959854627592
2024-08-01,28.0,28,242.13816658504004,0.0
2024-08-01,29.0,29,835.4120110183201,126.17407808651693
2024-08-01,30.0,30,251.22958253158006,0.0
2024-08-01,31.0,31,677.6887874121,433.18953204565025
2024-08-01,32.0,32,-188.70397092000002,0.0
