month,validator,consensus_income,execution_income
2020-12-01,0,0.421483925,0.0
2020-12-01,1,0.421093471,0.0
2020-12-01,10,0.417582947,0.0
2020-12-01,11,0.411237339,0.0
2020-12-01,12,0.417249829,0.0
2020-12-01,13,0.418177177,0.0
2020-12-01,14,0.42215387,0.0
2020-12-01,15,0.427056822,0.0
2020-12-01,16,0.41482203,0.0
2020-12-01,17,0.413904314,0.0
2020-12-01,18,0.419851098,0.0
2020-12-01,19,0.417486753,0.0
2020-12-01,2,0.419821021,0.0
2020-12-01,20,0.419777438,0.0
2020-12-01,21,0.429447472,0.0
2020-12-01,22,0.416093125,0.0
2020-12-01,23,0.408704459,0.0
2020-12-01,24,0.422125063,0.0
2020-12-01,25,0.426145631,0.0
2020-12-01,26,0.421596809,0.0
2020-12-01,27,0.425791931,0.0
2020-12-01,28,0.418468239,0.0
2020-12-01,29,0.425401264,0.0
2020-12-01,3,0.421589698,0.0
2020-12-01,30,0.419964923,0.0
2020-12-01,31,0.417315912,0.0
2020-12-01,32,0.33210502,0.0
2020-12-01,4,0.409435679,0.0
2020-12-01,5,0.420276046,0.0
2020-12-01,6,0.420787046,0.0
2020-12-01,7,0.401492236,0.0
2020-12-01,9,0.411466216,0.0
2021-01-01,0,0.31212391,0.0
2021-01-01,1,0.319489814,0.0
2021-01-01,10,0.311677831,0.0
2021-01-01,11,0.313986435,0.0
2021-01-01,12,0.314942028,0.0
2021-01-01,13,0.311841687,0.0
2021-01-01,14,0.317577057,0.0
2021-01-01,15,0.314705439,0.0
2021-01-01,16,0.310962381,0.0
2021-01-01,17,0.304108181,0.0
2021-01-01,18,0.313417504,0.0
2021-01-01,19,0.314253998,0.0
2021-01-01,2,0.320198905,0.0
2021-01-01,20,0.302301974,0.0
2021-01-01,21,0.323980784,0.0
2021-01-01,22,0.309565889,0.0
2021-01-01,23,0.308641293,0.0
2021-01-01,24,0.313954049,0.0
2021-01-01,25,0.303521002,0.0
2021-01-01,26,0.308108491,0.0
2021-01-01,27,0.319635972,0.0
2021-01-01,28,0.305532669,0.0
2021-01-01,29,0.309211217,0.0
2021-01-01,3,0.31603219,0.0
2021-01-01,30,0.315163908,0.0
2021-01-01,31,0.30660653,0.0
2021-01-01,32,0.18315997,0.0
2021-01-01,4,0.318392387,0.0
2021-01-01,5,0.317111399,0.0
2021-01-01,6,0.31214171,0.0
2021-01-01,7,0.215578887,0.0
2021-01-01,9,0.312234632,0.0
2021-02-01,0,0.230856375,0.0
2021-02-01,1,0.227412042,0.0
2021-02-01,10,0.239321196,0.0
2021-02-01,11,0.237366645,0.0
2021-02-01,12,0.237309296,0.0
2021-02-01,13,0.230449709,0.0
2021-02-01,14,0.237906109,0.0
2021-02-01,15,0.234491212,0.0
2021-02-01,16,0.244650031,0.0
2021-02-01,17,0.234170626,0.0
2021-02-01,18,0.237252961,0.0
2021-02-01,19,0.244485198,0.0
2021-02-01,2,0.234839561,0.0
2021-02-01,20,0.230159035,0.0
2021-02-01,21,0.231201217,0.0
2021-02-01,22,0.24290262,0.0
2021-02-01,23,0.239256363,0.0
2021-02-01,24,0.233911393,0.0
2021-02-01,25,0.234594581,0.0
2021-02-01,26,0.227181328,0.0
2021-02-01,27,0.241086785,0.0
2021-02-01,28,0.224354346,0.0
2021-02-01,29,0.23079672,0.0
2021-02-01,3,0.237520843,0.0
2021-02-01,30,0.243503617,0.0
2021-02-01,31,0.233346292,0.0
2021-02-01,32,0.124203562,0.0
2021-02-01,4,0.240360069,0.0
2021-02-01,5,0.248546554,0.0
2021-02-01,6,0.234038846,0.0
2021-02-01,7,0.256044597,0.0
2021-02-01,9,0.205990598,0.0
2021-03-01,0,0.256685547,0.0
2021-03-01,1,0.256259855,0.0
2021-03-01,10,0.260475403,0.0
2021-03-01,11,0.256489227,0.0
2021-03-01,12,0.242135285,0.0
2021-03-01,13,0.239024812,0.0
2021-03-01,14,0.246173051,0.0
2021-03-01,15,0.242188674,0.0
2021-03-01,16,0.24219965,0.0
2021-03-01,17,0.239427666,0.0
2021-03-01,18,0.246123017,0.0
2021-03-01,19,0.243020282,0.0
2021-03-01,2,0.260163408,0.0
2021-03-01,20,0.260429087,0.0
2021-03-01,21,0.243083058,0.0
2021-03-01,22,0.273684035,0.0
2021-03-01,23,0.259209773,0.0
2021-03-01,24,0.246268667,0.0
2021-03-01,25,0.257261006,0.0
2021-03-01,26,0.257059708,0.0
2021-03-01,27,0.245811453,0.0
2021-03-01,28,0.252819871,0.0
2021-03-01,29,0.25038036,0.0
2021-03-01,3,0.271065993,0.0
2021-03-01,30,0.242231924,0.0
2021-03-01,31,0.260653013,0.0
2021-03-01,32,0.230923159,0.0
2021-03-01,4,0.26018186,0.0
2021-03-01,5,0.253961878,0.0
2021-03-01,6,0.253112105,0.0
2021-03-01,7,0.217786358,0.0
2021-03-01,9,0.249517959,0.0
2021-04-01,0,0.21283743,0.0
2021-04-01,1,0.216808127,0.0
2021-04-01,10,0.220781318,0.0
2021-04-01,11,0.224441902,0.0
2021-04-01,12,0.21706219,0.0
2021-04-01,13,0.213226934,0.0
2021-04-01,14,0.213216682,0.0
2021-04-01,15,0.220608228,0.0
2021-04-01,16,0.224933151,0.0
2021-04-01,17,0.213031231,0.0
2021-04-01,18,0.213178166,0.0
2021-04-01,19,0.224518161,0.0
2021-04-01,2,0.212704842,0.0
2021-04-01,20,0.216633235,0.0
2021-04-01,21,0.232608168,0.0
2021-04-01,22,0.227892783,0.0
2021-04-01,23,0.231660256,0.0
2021-04-01,24,0.22826299,0.0
2021-04-01,25,0.21321709,0.0
2021-04-01,26,0.220374474,0.0
2021-04-01,27,0.212967688,0.0
2021-04-01,28,0.216724924,0.0
2021-04-01,29,0.22060379,0.0
2021-04-01,3,0.212768331,0.0
2021-04-01,30,0.228614009,0.0
2021-04-01,31,0.224079288,0.0
2021-04-01,32,0.174339628,0.0
2021-04-01,4,0.216707229,0.0
2021-04-01,5,0.216949968,0.0
2021-04-01,6,0.210833866,0.0
2021-04-01,7,0.216561412,0.0
2021-04-01,9,0.224748861,0.0
2021-05-01,0,0.227249775,0.0
2021-05-01,1,0.253233592,0.0
2021-05-01,10,0.232060891,0.0
2021-05-01,11,0.231799917,0.0
2021-05-01,12,0.236388413,0.0
2021-05-01,13,0.228284331,0.0
2021-05-01,14,0.224158029,0.0
2021-05-01,15,0.235980676,0.0
2021-05-01,16,0.231855451,0.0
2021-05-01,17,0.231770915,0.0
2021-05-01,18,0.227991518,0.0
2021-05-01,19,0.223718836,0.0
2021-05-01,2,0.235743745,0.0
2021-05-01,20,0.2261278,0.0
2021-05-01,21,0.232020877,0.0
2021-05-01,22,0.234217732,0.0
2021-05-01,23,0.227227964,0.0
2021-05-01,24,0.236231961,0.0
2021-05-01,25,0.240266094,0.0
2021-05-01,26,0.23022283,0.0
2021-05-01,27,0.232033319,0.0
2021-05-01,28,0.223313159,0.0
2021-05-01,29,0.232047068,0.0
2021-05-01,3,0.227605831,0.0
2021-05-01,30,0.245138869,0.0
2021-05-01,31,0.226100663,0.0
2021-05-01,32,0.215547879,0.0
2021-05-01,4,0.244708642,0.0
2021-05-01,5,0.232102845,0.0
2021-05-01,6,0.233890375,0.0
2021-05-01,7,0.232258936,0.0
2021-05-01,9,0.227874194,0.0
2021-06-01,0,0.185102231,0.0
2021-06-01,1,0.189599253,0.0
2021-06-01,10,0.189671463,0.0
2021-06-01,11,0.180678392,0.0
2021-06-01,12,0.180689296,0.0
2021-06-01,13,0.180537132,0.0
2021-06-01,14,0.18491051,0.0
2021-06-01,15,0.185209567,0.0
2021-06-01,16,0.185272529,0.0
2021-06-01,17,0.18048038,0.0
2021-06-01,18,0.185335547,0.0
2021-06-01,19,0.180606702,0.0
2021-06-01,2,0.185298805,0.0
2021-06-01,20,0.184648067,0.0
2021-06-01,21,0.189527606,0.0
2021-06-01,22,0.18536344,0.0
2021-06-01,23,0.184235219,0.0
2021-06-01,24,0.189683028,0.0
2021-06-01,25,0.185558345,0.0
2021-06-01,26,0.189592169,0.0
2021-06-01,27,0.185168893,0.0
2021-06-01,28,0.193312303,0.0
2021-06-01,29,0.194024373,0.0
2021-06-01,3,0.180600571,0.0
2021-06-01,30,0.185137111,0.0
2021-06-01,31,0.194172646,0.0
2021-06-01,32,0.181801952,0.0
2021-06-01,4,0.189778335,0.0
2021-06-01,5,0.189534863,0.0
2021-06-01,6,0.189786895,0.0
2021-06-01,7,0.185202605,0.0
2021-06-01,9,0.189019759,0.0
2021-07-01,0,0.17305046,0.0
2021-07-01,1,0.177735614,0.0
2021-07-01,10,0.177842066,0.0
2021-07-01,11,0.177545595,0.0
2021-07-01,12,0.173223466,0.0
2021-07-01,13,0.177724503,0.0
2021-07-01,14,0.173101789,0.0
2021-07-01,15,0.177832847,0.0
2021-07-01,16,0.178042702,0.0
2021-07-01,17,0.177932745,0.0
2021-07-01,18,0.173059693,0.0
2021-07-01,19,0.173018142,0.0
2021-07-01,2,0.182507501,0.0
2021-07-01,20,0.177022385,0.0
2021-07-01,21,0.177506532,0.0
2021-07-01,22,0.172752145,0.0
2021-07-01,23,0.17234409,0.0
2021-07-01,24,0.17294125,0.0
2021-07-01,25,0.177969053,0.0
2021-07-01,26,0.181766006,0.0
2021-07-01,27,0.197267265,0.0
2021-07-01,28,0.174503875,0.0
2021-07-01,29,0.177875356,0.0
2021-07-01,3,0.172863479,0.0
2021-07-01,30,0.182951103,0.0
2021-07-01,31,0.177484784,0.0
2021-07-01,32,0.166461211,0.0
2021-07-01,4,0.182455609,0.0
2021-07-01,5,0.177323039,0.0
2021-07-01,6,0.177359909,0.0
2021-07-01,7,0.149751581,0.0
2021-07-01,9,0.178371609,0.0
2021-08-01,0,0.189181093,0.0
2021-08-01,1,0.179480547,0.0
2021-08-01,10,0.194366847,0.0
2021-08-01,11,0.18308217,0.0
2021-08-01,12,0.183081813,0.0
2021-08-01,13,0.177964162,0.0
2021-08-01,14,0.183328672,0.0
2021-08-01,15,0.188435721,0.0
2021-08-01,16,0.188614251,0.0
2021-08-01,17,0.203660007,0.0
2021-08-01,18,0.179787558,0.0
2021-08-01,19,0.188781258,0.0
2021-08-01,2,0.184946971,0.0
2021-08-01,20,0.182667152,0.0
2021-08-01,21,0.188146988,0.0
2021-08-01,22,0.192546007,0.0
2021-08-01,23,0.183183679,0.0
2021-08-01,24,0.178396532,0.0
2021-08-01,25,0.193456891,0.0
2021-08-01,26,0.192867014,0.0
2021-08-01,27,0.178339837,0.0
2021-08-01,28,0.179257118,0.0
2021-08-01,29,0.18398274,0.0
2021-08-01,3,0.179335103,0.0
2021-08-01,30,0.182982612,0.0
2021-08-01,31,0.193144338,0.0
2021-08-01,32,0.078408374,0.0
2021-08-01,4,0.184483521,0.0
2021-08-01,5,0.178156049,0.0
2021-08-01,6,0.178166441,0.0
2021-08-01,7,0.178459921,0.0
2021-08-01,9,0.172775401,0.0
2021-09-01,0,0.148904754,0.0
2021-09-01,1,0.149050622,0.0
2021-09-01,10,0.147858881,0.0
2021-09-01,11,0.158408218,0.0
2021-09-01,12,0.153297734,0.0
2021-09-01,13,0.153051752,0.0
2021-09-01,14,0.152743646,0.0
2021-09-01,15,0.153189585,0.0
2021-09-01,16,0.153809245,0.0
2021-09-01,17,0.147723056,0.0
2021-09-01,18,0.163679355,0.0
2021-09-01,19,0.148419775,0.0
2021-09-01,2,0.159913017,0.0
2021-09-01,20,0.148370358,0.0
2021-09-01,21,0.153392185,0.0
2021-09-01,22,0.164920356,0.0
2021-09-01,23,0.153818049,0.0
2021-09-01,24,0.153074262,0.0
2021-09-01,25,0.158568698,0.0
2021-09-01,26,0.15391794,0.0
2021-09-01,27,0.147954676,0.0
2021-09-01,28,0.15575691,0.0
2021-09-01,29,0.158734812,0.0
2021-09-01,3,0.154244082,0.0
2021-09-01,30,0.147728481,0.0
2021-09-01,31,0.153048985,0.0
2021-09-01,32,0.112005183,0.0
2021-09-01,4,0.159892013,0.0
2021-09-01,5,0.147561961,0.0
2021-09-01,6,0.153974085,0.0
2021-09-01,7,0.149581281,0.0
2021-09-01,9,0.143498437,0.0
2021-10-01,0,0.147652572,0.0
2021-10-01,1,0.147987797,0.0
2021-10-01,10,0.146172397,0.0
2021-10-01,11,0.151502281,0.0
2021-10-01,12,0.151875404,0.0
2021-10-01,13,0.168622482,0.0
2021-10-01,14,0.151808887,0.0
2021-10-01,15,0.201640928,0.0
2021-10-01,16,0.146397812,0.0
2021-10-01,17,0.151545388,0.0
2021-10-01,18,0.151399786,0.0
2021-10-01,19,0.151914824,0.0
2021-10-01,2,0.147688134,0.0
2021-10-01,20,0.15183257,0.0
2021-10-01,21,0.152020509,0.0
2021-10-01,22,0.162672511,0.0
2021-10-01,23,0.152123245,0.0
2021-10-01,24,0.150161412,0.0
2021-10-01,25,0.151490691,0.0
2021-10-01,26,0.15728689,0.0
2021-10-01,27,0.146263108,0.0
2021-10-01,28,0.175610959,0.0
2021-10-01,29,0.152124399,0.0
2021-10-01,3,0.153314886,0.0
2021-10-01,30,0.14601403,0.0
2021-10-01,31,0.146484127,0.0
2021-10-01,32,0.147760964,0.0
2021-10-01,4,0.147860764,0.0
2021-10-01,5,0.151734978,0.0
2021-10-01,6,0.152865294,0.0
2021-10-01,7,0.153102645,0.0
2021-10-01,9,0.126859043,0.0
2021-11-01,0,0.136579562,0.0
2021-11-01,1,0.18132699,0.0
2021-11-01,10,0.158968446,0.0
2021-11-01,11,0.159398481,0.0
2021-11-01,12,0.181691547,0.0
2021-11-01,13,0.204753253,0.0
2021-11-01,14,0.228056074,0.0
2021-11-01,15,0.159360409,0.0
2021-11-01,16,0.136638797,0.0
2021-11-01,17,0.158499488,0.0
2021-11-01,18,0.136556363,0.0
2021-11-01,19,0.13657935,0.0
2021-11-01,2,0.136861158,0.0
2021-11-01,20,0.158769305,0.0
2021-11-01,21,0.221314205,0.0
2021-11-01,22,0.136221218,0.0
2021-11-01,23,0.186413962,0.0
2021-11-01,24,0.181825148,0.0
2021-11-01,25,0.136591934,0.0
2021-11-01,26,0.1585648,0.0
2021-11-01,27,0.136644103,0.0
2021-11-01,28,0.137029522,0.0
2021-11-01,29,0.159049967,0.0
2021-11-01,3,0.159326946,0.0
2021-11-01,30,0.13655545,0.0
2021-11-01,31,0.158398183,0.0
2021-11-01,32,0.158076886,0.0
2021-11-01,4,0.463133923,0.0
2021-11-01,5,0.136715134,0.0
2021-11-01,6,0.136367803,0.0
2021-11-01,7,0.172716132,0.0
2021-11-01,9,0.153913857,0.0
2021-12-01,0,0.148955637,0.0
2021-12-01,1,0.126028606,0.0
2021-12-01,10,0.126265152,0.0
2021-12-01,11,0.125803002,0.0
2021-12-01,12,0.172654976,0.0
2021-12-01,13,0.14906028,0.0
2021-12-01,14,0.172437905,0.0
2021-12-01,15,0.172795136,0.0
2021-12-01,16,0.172735835,0.0
2021-12-01,17,0.149314167,0.0
2021-12-01,18,0.125956078,0.0
2021-12-01,19,0.126039845,0.0
2021-12-01,2,0.148622303,0.0
2021-12-01,20,0.217081502,0.0
2021-12-01,21,0.149552201,0.0
2021-12-01,22,0.125174927,0.0
2021-12-01,23,0.125361841,0.0
2021-12-01,24,0.126131218,0.0
2021-12-01,25,0.126243946,0.0
2021-12-01,26,0.12544982,0.0
2021-12-01,27,0.149393947,0.0
2021-12-01,28,0.149788303,0.0
2021-12-01,29,0.195223903,0.0
2021-12-01,3,0.125853975,0.0
2021-12-01,30,0.149194937,0.0
2021-12-01,31,0.171271014,0.0
2021-12-01,32,0.162466071,0.0
2021-12-01,4,0.125952012,0.0
2021-12-01,5,0.125836404,0.0
2021-12-01,6,0.206768089,0.0
2021-12-01,7,0.144178791,0.0
2021-12-01,9,0.172488272,0.0
2022-01-01,0,0.123765682,0.0
2022-01-01,1,0.215456446,0.0
2022-01-01,10,0.170547675,0.0
2022-01-01,11,0.147083164,0.0
2022-01-01,12,0.147469869,0.0
2022-01-01,13,0.1237292,0.0
2022-01-01,14,0.123667235,0.0
2022-01-01,15,0.170553415,0.0
2022-01-01,16,0.123571261,0.0
2022-01-01,17,0.147442198,0.0
2022-01-01,18,0.123519781,0.0
2022-01-01,19,0.163748927,0.0
2022-01-01,2,0.147131611,0.0
2022-01-01,20,0.123074376,0.0
2022-01-01,21,0.123274729,0.0
2022-01-01,22,0.123145739,0.0
2022-01-01,23,0.146223856,0.0
2022-01-01,24,0.123633403,0.0
2022-01-01,25,0.123794678,0.0
2022-01-01,26,0.146803611,0.0
2022-01-01,27,0.123361764,0.0
2022-01-01,28,0.124036907,0.0
2022-01-01,29,0.123645341,0.0
2022-01-01,3,0.123820941,0.0
2022-01-01,30,0.147029224,0.0
2022-01-01,31,0.146247896,0.0
2022-01-01,32,0.145158176,0.0
2022-01-01,4,0.147349562,0.0
2022-01-01,5,0.123706165,0.0
2022-01-01,6,0.123540919,0.0
2022-01-01,7,0.099393209,0.0
2022-01-01,9,0.146861421,0.0
2022-02-01,0,0.21366438,0.0
2022-02-01,1,0.141307643,0.0
2022-02-01,10,0.167737822,0.0
2022-02-01,11,0.143790763,0.0
2022-02-01,12,0.143795493,0.0
2022-02-01,13,0.211230845,0.0
2022-02-01,14,0.119490819,0.0
2022-02-01,15,0.119678713,0.0
2022-02-01,16,0.144065273,0.0
2022-02-01,17,0.119278379,0.0
2022-02-01,18,0.119480006,0.0
2022-02-01,19,0.143496541,0.0
2022-02-01,2,0.165283746,0.0
2022-02-01,20,0.167824406,0.0
2022-02-01,21,0.167228151,0.0
2022-02-01,22,0.234985722,0.0
2022-02-01,23,0.143668732,0.0
2022-02-01,24,0.167794856,0.0
2022-02-01,25,0.119719845,0.0
2022-02-01,26,0.119826552,0.0
2022-02-01,27,0.119743833,0.0
2022-02-01,28,0.121363947,0.0
2022-02-01,29,0.14365252,0.0
2022-02-01,3,0.164878881,0.0
2022-02-01,30,0.216131843,0.0
2022-02-01,31,0.143927953,0.0
2022-02-01,32,0.120248586,0.0
2022-02-01,4,0.117192097,0.0
2022-02-01,5,0.144448677,0.0
2022-02-01,6,0.235468016,0.0
2022-02-01,7,0.121031977,0.0
2022-02-01,9,0.112488252,0.0
2022-03-01,0,0.14098196,0.0
2022-03-01,1,0.165654635,0.0
2022-03-01,10,0.115117376,0.0
2022-03-01,11,0.139724471,0.0
2022-03-01,12,0.139533764,0.0
2022-03-01,13,0.115147706,0.0
2022-03-01,14,0.115286019,0.0
2022-03-01,15,0.211528668,0.0
2022-03-01,16,0.237238053,0.0
2022-03-01,17,0.235147406,0.0
2022-03-01,18,0.139791615,0.0
2022-03-01,19,0.141418964,0.0
2022-03-01,2,0.141224189,0.0
2022-03-01,20,0.165229059,0.0
2022-03-01,21,0.140525778,0.0
2022-03-01,22,0.165699369,0.0
2022-03-01,23,0.11592541,0.0
2022-03-01,24,0.115199182,0.0
2022-03-01,25,0.139812475,0.0
2022-03-01,26,0.115637049,0.0
2022-03-01,27,0.115102828,0.0
2022-03-01,28,0.117289374,0.0
2022-03-01,29,0.115163232,0.0
2022-03-01,3,0.141641756,0.0
2022-03-01,30,0.139882483,0.0
2022-03-01,31,0.140731034,0.0
2022-03-01,32,0.141021407,0.0
2022-03-01,4,0.165820114,0.0
2022-03-01,5,0.14004588,0.0
2022-03-01,6,0.167047824,0.0
2022-03-01,7,0.115181887,0.0
2022-03-01,9,0.200888865,0.0
2022-04-01,0,0.13418916,0.0
2022-04-01,1,0.16002427,0.0
2022-04-01,10,0.108913509,0.0
2022-04-01,11,0.134415879,0.0
2022-04-01,12,0.108843266,0.0
2022-04-01,13,0.109002817,0.0
2022-04-01,14,0.126581824,0.0
2022-04-01,15,0.135595596,0.0
2022-04-01,16,0.108964588,0.0
2022-04-01,17,0.135333668,0.0
2022-04-01,18,0.134523232,0.0
2022-04-01,19,0.108782014,0.0
2022-04-01,2,0.286958462,0.0
2022-04-01,20,0.106783625,0.0
2022-04-01,21,0.134794489,0.0
2022-04-01,22,0.107018117,0.0
2022-04-01,23,0.133353781,0.0
2022-04-01,24,0.108744451,0.0
2022-04-01,25,0.135429295,0.0
2022-04-01,26,0.159123808,0.0
2022-04-01,27,0.108824014,0.0
2022-04-01,28,0.21360827,0.0
2022-04-01,29,0.108943851,0.0
2022-04-01,3,0.108378559,0.0
2022-04-01,30,0.13446163,0.0
2022-04-01,31,0.107319217,0.0
2022-04-01,32,0.106860217,0.0
2022-04-01,4,0.108380209,0.0
2022-04-01,5,0.108740526,0.0
2022-04-01,6,0.126368962,0.0
2022-04-01,7,0.134523999,0.0
2022-04-01,9,0.090460292,0.0
2022-05-01,0,0.168983457,0.0
2022-05-01,1,0.142799636,0.0
2022-05-01,10,0.134071238,0.0
2022-05-01,11,0.161072274,0.0
2022-05-01,12,0.106809625,0.0
2022-05-01,13,0.106780061,0.0
2022-05-01,14,0.106754396,0.0
2022-05-01,15,0.134001907,0.0
2022-05-01,16,0.106867092,0.0
2022-05-01,17,0.133910767,0.0
2022-05-01,18,0.106920758,0.0
2022-05-01,19,0.161231943,0.0
2022-05-01,2,0.115367813,0.0
2022-05-01,20,0.169509673,0.0
2022-05-01,21,0.134066124,0.0
2022-05-01,22,0.115736417,0.0
2022-05-01,23,0.143958575,0.0
2022-05-01,24,0.1069573,0.0
2022-05-01,25,0.106925615,0.0
2022-05-01,26,0.115637449,0.0
2022-05-01,27,0.134225899,0.0
2022-05-01,28,0.117071433,0.0
2022-05-01,29,0.106840311,0.0
2022-05-01,3,0.115553171,0.0
2022-05-01,30,0.106732045,0.0
2022-05-01,31,0.115533699,0.0
2022-05-01,32,0.143670025,0.0
2022-05-01,4,0.16974639,0.0
2022-05-01,5,0.133542825,0.0
2022-05-01,6,0.144886554,0.0
2022-05-01,7,0.116675678,0.0
2022-05-01,9,0.13932184,0.0
2022-06-01,0,0.18511915,0.0
2022-06-01,1,0.128642714,0.0
2022-06-01,10,0.129173908,0.0
2022-06-01,11,0.12902917,0.0
2022-06-01,12,0.100824537,0.0
2022-06-01,13,0.100703214,0.0
2022-06-01,14,0.100622666,0.0
2022-06-01,15,0.100644121,0.0
2022-06-01,16,0.100763126,0.0
2022-06-01,17,0.10086773,0.0
2022-06-01,18,0.156769941,0.0
2022-06-01,19,0.100769857,0.0
2022-06-01,2,0.128949623,0.0
2022-06-01,20,0.100509324,0.0
2022-06-01,21,0.129021649,0.0
2022-06-01,22,0.100601432,0.0
2022-06-01,23,0.100100609,0.0
2022-06-01,24,0.128804007,0.0
2022-06-01,25,0.100914669,0.0
2022-06-01,26,0.100714137,0.0
2022-06-01,27,0.100833723,0.0
2022-06-01,28,0.100729446,0.0
2022-06-01,29,0.100793062,0.0
2022-06-01,3,0.128932701,0.0
2022-06-01,30,0.128720078,0.0
2022-06-01,31,0.133358731,0.0
2022-06-01,32,-0.052577174,0.0
2022-06-01,4,0.100708456,0.0
2022-06-01,5,0.100677127,0.0
2022-06-01,6,0.10070029,0.0
2022-06-01,7,0.128552352,0.0
2022-06-01,9,0.206245309,0.0
2022-07-01,0,0.131922894,0.0
2022-07-01,1,0.13156202,0.0
2022-07-01,10,0.131956435,0.0
2022-07-01,11,0.131906246,0.0
2022-07-01,12,0.103495506,0.0
2022-07-01,13,0.212118955,0.0
2022-07-01,14,0.103513948,0.0
2022-07-01,15,0.103596464,0.0
2022-07-01,16,0.10345867,0.0
2022-07-01,17,0.103332567,0.0
2022-07-01,18,0.151751336,0.0
2022-07-01,19,0.103518733,0.0
2022-07-01,2,0.131673487,0.0
2022-07-01,20,0.096491364,0.0
2022-07-01,21,0.103489772,0.0
2022-07-01,22,0.096659035,0.0
2022-07-01,23,0.102724957,0.0
2022-07-01,24,0.103484803,0.0
2022-07-01,25,0.131872872,0.0
2022-07-01,26,0.096772471,0.0
2022-07-01,27,0.103668172,0.0
2022-07-01,28,0.103633066,0.0
2022-07-01,29,0.103562867,0.0
2022-07-01,3,0.131897207,0.0
2022-07-01,30,0.213198034,0.0
2022-07-01,31,0.204984344,0.0
2022-07-01,32,0.160300801,0.0
2022-07-01,4,0.103369463,0.0
2022-07-01,5,0.103538212,0.0
2022-07-01,6,0.103152373,0.0
2022-07-01,7,0.103290155,0.0
2022-07-01,9,0.095589126,0.0
2022-08-01,0,0.14106272,0.0
2022-08-01,1,0.281600749,0.0
2022-08-01,10,0.112735775,0.0
2022-08-01,11,0.112913366,0.0
2022-08-01,12,0.112750481,0.0
2022-08-01,13,0.170063358,0.0
2022-08-01,14,0.198754645,0.0
2022-08-01,15,0.112749536,0.0
2022-08-01,16,0.1129166,0.0
2022-08-01,17,0.112838529,0.0
2022-08-01,18,0.112796505,0.0
2022-08-01,19,0.141314436,0.0
2022-08-01,2,0.112780579,0.0
2022-08-01,20,0.112802731,0.0
2022-08-01,21,0.112798871,0.0
2022-08-01,22,0.112745266,0.0
2022-08-01,23,0.22646183,0.0
2022-08-01,24,0.141404999,0.0
2022-08-01,25,0.112823439,0.0
2022-08-01,26,0.112596674,0.0
2022-08-01,27,0.141498222,0.0
2022-08-01,28,0.141645304,0.0
2022-08-01,29,0.224844662,0.0
2022-08-01,3,0.112715867,0.0
2022-08-01,30,0.112814657,0.0
2022-08-01,31,0.112740491,0.0
2022-08-01,32,0.112112702,0.0
2022-08-01,4,0.112739496,0.0
2022-08-01,5,0.169336052,0.0
2022-08-01,6,0.170106169,0.0
2022-08-01,7,0.112919411,0.0
2022-08-01,9,0.104283402,0.0
2022-09-01,0,0.09716243,0.0
2022-09-01,1,0.126113912,0.0
2022-09-01,10,0.097169283,0.0
2022-09-01,11,0.211212941,0.0
2022-09-01,12,0.097021132,0.0
2022-09-01,13,0.296697475,0.04230382239398892
2022-09-01,14,0.125447157,0.0
2022-09-01,15,0.154735787,0.010376854211818543
2022-09-01,16,0.097027923,0.0
2022-09-01,17,0.096977435,0.0
2022-09-01,18,0.096958904,0.0
2022-09-01,19,0.126084385,0.026846077670867323
2022-09-01,2,0.097204748,0.0
2022-09-01,20,0.12497287,0.03111426477421913
2022-09-01,21,0.097118648,0.0
2022-09-01,22,0.095652712,0.0
2022-09-01,23,0.122907967,0.015292833183428752
2022-09-01,24,0.09708868,0.0
2022-09-01,25,0.096891552,0.0
2022-09-01,26,0.095816578,0.0
2022-09-01,27,0.125893807,0.02404811351224668
2022-09-01,28,0.096823013,0.0
2022-09-01,29,0.097019032,0.0
2022-09-01,3,0.097313101,0.0
2022-09-01,30,0.15486544,0.00461408228995582
2022-09-01,31,0.095477989,0.0
2022-09-01,32,0.095695521,0.0
2022-09-01,4,0.154665498,0.0
2022-09-01,5,0.097046217,0.0
2022-09-01,6,0.096328228,0.0
2022-09-01,7,0.096369562,0.0
2022-09-01,9,0.085487752,0.0
2022-10-01,0,0.127686495,0.026562609082236927
2022-10-01,1,0.098239563,0.0
2022-10-01,10,0.157019188,0.024384993849696324
2022-10-01,11,0.098419309,0.0
2022-10-01,12,0.098457551,0.0
2022-10-01,13,0.157149443,0.12727865568550556
2022-10-01,14,0.12775938,0.044063544907565366
2022-10-01,15,0.098191036,0.0
2022-10-01,16,0.098386194,0.0
2022-10-01,17,0.157625061,0.039030152449945774
2022-10-01,18,0.127580363,0.08039052829397421
2022-10-01,19,0.098107364,0.0
2022-10-01,2,0.098110719,0.0
2022-10-01,20,0.126581784,0.018000413985048213
2022-10-01,21,0.09819643,0.0
2022-10-01,22,0.127441479,0.04454042244111374
2022-10-01,23,0.090688032,0.0
2022-10-01,24,0.098199188,0.0
2022-10-01,25,0.128003797,0.022308512698209992
2022-10-01,26,0.097625368,0.0
2022-10-01,27,0.098429567,0.0
2022-10-01,28,0.207792262,0.0
2022-10-01,29,0.098302677,0.0
2022-10-01,3,0.127310466,0.15635135511991952
2022-10-01,30,0.09824789,0.0
2022-10-01,31,0.127152561,0.11004291508823427
2022-10-01,32,0.063827486,0.0021698350802751
2022-10-01,4,0.157272484,0.06773989264432946
2022-10-01,5,0.098278625,0.0
2022-10-01,6,0.097962143,0.0
2022-10-01,7,0.127969425,0.02334944899162087
2022-10-01,9,0.147538675,0.05964515409223341
2022-11-01,0,0.101798389,0.0
2022-11-01,1,0.1019938,0.0
2022-11-01,10,0.094442018,0.0
2022-11-01,11,0.123985034,0.004943504501256484
2022-11-01,12,0.125197659,0.000692939395608297
2022-11-01,13,0.124906972,0.00072008752976451
2022-11-01,14,0.094407095,0.0
2022-11-01,15,0.12455569,0.002902028567850967
2022-11-01,16,0.124388021,0.001083357740923062
2022-11-01,17,0.09458108,0.0
2022-11-01,18,0.146727572,0.015915924640163795
2022-11-01,19,0.09431648,0.0
2022-11-01,2,0.101894547,0.0
2022-11-01,20,0.101431688,0.0
2022-11-01,21,0.094494444,0.0
2022-11-01,22,0.241816463,0.05706045261488201
2022-11-01,23,0.085896603,0.0
2022-11-01,24,0.124602712,0.002127429982782535
2022-11-01,25,0.124487304,0.041130698290032
2022-11-01,26,0.131260263,0.09495392487685177
2022-11-01,27,0.124165996,0.003305830057343941
2022-11-01,28,0.098318159,0.0
2022-11-01,29,0.124686838,0.010282248073231906
2022-11-01,3,0.101808047,0.0
2022-11-01,30,0.124519336,0.010904778727919496
2022-11-01,31,0.101340763,0.0
2022-11-01,32,0.052135383,0.0
2022-11-01,4,0.102064404,0.0
2022-11-01,5,0.094392636,0.0
2022-11-01,6,0.101401642,0.0
2022-11-01,7,0.1023059,0.0
2022-11-01,9,0.096151033,0.0
2022-12-01,0,0.12475728,0.05584549016431238
2022-12-01,1,0.093997377,0.0
2022-12-01,10,0.086848806,0.0
2022-12-01,11,0.086563441,0.0
2022-12-01,12,0.086851007,0.0
2022-12-01,13,0.117906543,0.007829704432888107
2022-12-01,14,0.135591814,0.0
2022-12-01,15,0.086841903,0.0
2022-12-01,16,0.086892144,0.0
2022-12-01,17,0.086743942,0.0
2022-12-01,18,0.117667236,0.001827456854305507
2022-12-01,19,0.086573508,0.0
2022-12-01,2,0.093912725,0.0
2022-12-01,20,0.093868139,0.0
2022-12-01,21,0.117636938,0.017602600686318685
2022-12-01,22,0.155887799,0.041770716974742265
2022-12-01,23,0.087447288,0.0
2022-12-01,24,0.086635744,0.0
2022-12-01,25,0.117488427,0.01718462798723817
2022-12-01,26,0.093673044,0.0
2022-12-01,27,0.086768326,0.0
2022-12-01,28,0.091982835,0.0
2022-12-01,29,0.086774966,0.0
2022-12-01,3,0.124971886,0.02777801715090425
2022-12-01,30,0.08668772,0.0
2022-12-01,31,0.093541316,0.0
2022-12-01,32,0.06523867,0.0
2022-12-01,4,0.125153085,0.03646991572444212
2022-12-01,5,0.117434588,0.007419029117608406
2022-12-01,6,0.093362914,0.0
2022-12-01,7,0.125366474,0.02501949681896434
2022-12-01,9,0.08330995,0.0
2023-01-01,0,0.124222684,0.021850920229664388
2023-01-01,1,0.155470554,0.042187300497432696
2023-01-01,10,0.093204081,0.0
2023-01-01,11,0.093234058,0.0
2023-01-01,12,0.093190764,0.0
2023-01-01,13,0.124688042,0.007755301185518197
2023-01-01,14,0.195169861,0.002215725413495156
2023-01-01,15,0.093354064,0.0
2023-01-01,16,0.093145141,0.0
2023-01-01,17,0.124614416,0.007137721431777165
2023-01-01,18,0.093009035,0.0
2023-01-01,19,0.093157935,0.0
2023-01-01,2,0.093056064,0.0
2023-01-01,20,0.090561955,0.0
2023-01-01,21,0.12451219,0.004876709339162754
2023-01-01,22,0.090703908,0.0
2023-01-01,23,0.087613709,0.0
2023-01-01,24,0.093265248,0.0
2023-01-01,25,0.124469178,0.016346193537456623
2023-01-01,26,0.090755682,0.0
2023-01-01,27,0.124366786,0.00742397145868046
2023-01-01,28,0.093230045,0.0
2023-01-01,29,0.093150275,0.0
2023-01-01,3,0.092945876,0.0
2023-01-01,30,0.093172712,0.0
2023-01-01,31,0.090615525,0.0
2023-01-01,32,0.124142641,0.021090153237941577
2023-01-01,4,0.124057179,0.01733549626267507
2023-01-01,5,0.124627093,0.004891727391343769
2023-01-01,6,0.124032135,0.031187459602833537
2023-01-01,7,0.071184304,0.0
2023-01-01,9,0.084913407,0.0
2023-02-01,0,0.091473978,0.0
2023-02-01,1,0.24277304,0.08348349448191136
2023-02-01,10,0.091498566,0.0
2023-02-01,11,0.091464895,0.0
2023-02-01,12,0.091412045,0.0
2023-02-01,13,0.091405716,0.0
2023-02-01,14,0.123941973,0.005314176055591608
2023-02-01,15,0.091202114,0.0
2023-02-01,16,0.091588114,0.0
2023-02-01,17,0.091428551,0.0
2023-02-01,18,0.122953404,0.001838532377603
2023-02-01,19,0.123355305,0.004346049527761922
2023-02-01,2,0.155591185,0.056288120449238144
2023-02-01,20,0.091271417,0.0
2023-02-01,21,0.091416269,0.0
2023-02-01,22,0.091365157,0.0
2023-02-01,23,0.08375972,0.0
2023-02-01,24,0.155171532,0.005348815587618604
2023-02-01,25,0.091701475,0.0
2023-02-01,26,0.09143141,0.0
2023-02-01,27,0.091422933,0.0
2023-02-01,28,0.091670149,0.0
2023-02-01,29,0.091549983,0.0
2023-02-01,3,0.091442069,0.0
2023-02-01,30,0.091372649,0.0
2023-02-01,31,0.123349459,0.05775984062161171
2023-02-01,32,0.057668452,0.0
2023-02-01,4,0.091402446,0.0
2023-02-01,5,0.123428719,0.006732479497311888
2023-02-01,6,0.123197829,0.020155215879161425
2023-02-01,7,0.058572695,0.0
2023-02-01,9,0.086098195,0.0
2023-03-01,0,0.088327393,0.0
2023-03-01,1,0.088452953,0.0
2023-03-01,10,0.088850195,0.0
2023-03-01,11,0.121542609,0.006811846544393924
2023-03-01,12,0.088598525,0.0
2023-03-01,13,0.088507987,0.0
2023-03-01,14,0.088644129,0.0
2023-03-01,15,0.21371042,0.0
2023-03-01,16,0.121680033,0.001822499896362834
2023-03-01,17,0.121964787,0.002545708070120549
2023-03-01,18,0.121480841,0.002266308627892116
2023-03-01,19,0.121668771,0.003033898021825328
2023-03-01,2,0.088309471,0.0
2023-03-01,20,0.121298947,0.030543411157434565
2023-03-01,21,0.088717745,0.0
2023-03-01,22,0.088509702,0.0
2023-03-01,23,0.072424099,0.0
2023-03-01,24,0.088800147,0.0
2023-03-01,25,0.088549648,0.0
2023-03-01,26,0.088308061,0.0
2023-03-01,27,0.088821931,0.0
2023-03-01,28,0.088150252,0.0
2023-03-01,29,0.088645336,0.0
2023-03-01,3,0.08848036,0.0
2023-03-01,30,0.121449288,0.004470085657525509
2023-03-01,31,0.088462848,0.0
2023-03-01,32,0.088526583,0.01649200618099946
2023-03-01,4,0.088409992,0.0
2023-03-01,5,0.088880373,0.0
2023-03-01,6,0.070953529,0.0
2023-03-01,7,0.121115608,0.021956663743742232
2023-03-01,9,0.079317243,0.0
2023-04-01,0,0.077643321,0.0
2023-04-01,1,0.078102588,0.0
2023-04-01,10,0.110649973,0.024385615155667877
2023-04-01,11,0.077412967,0.0
2023-04-01,12,0.077459458,0.0
2023-04-01,13,0.110624347,0.01053674385631001
2023-04-01,14,0.105757243,0.025147833679789566
2023-04-01,15,0.110328907,0.002576053661105573
2023-04-01,16,0.077170858,0.0
2023-04-01,17,0.077263977,0.0
2023-04-01,18,0.077372253,0.0
2023-04-01,19,0.110969471,0.024762395806891924
2023-04-01,2,0.078090433,0.0
2023-04-01,20,0.07738077,0.0
2023-04-01,21,0.077317923,0.0
2023-04-01,22,0.110752527,0.06360932930578893
2023-04-01,23,0.065887706,0.0
2023-04-01,24,0.077234993,0.0
2023-04-01,25,0.077411733,0.0
2023-04-01,26,0.077460491,0.0
2023-04-01,27,0.077366014,0.0
2023-04-01,28,0.08310112,0.0
2023-04-01,29,0.077276749,0.0
2023-04-01,3,0.077766641,0.0
2023-04-01,30,0.077346947,0.0
2023-04-01,31,0.077891676,0.0
2023-04-01,32,0.078380822,0.0
2023-04-01,4,0.078165876,0.0
2023-04-01,5,0.077075446,0.0
2023-04-01,6,0.083549267,0.0
2023-04-01,7,0.084319489,0.0
2023-04-01,9,0.075504798,0.0
2023-05-01,0,0.160150418,0.3009455321614442
2023-05-01,1,0.093627376,0.0
2023-05-01,10,0.129043803,0.015353235203303017
2023-05-01,11,0.09513648,0.0
2023-05-01,12,0.09513857,0.0
2023-05-01,13,0.094899279,0.0
2023-05-01,14,0.095216214,0.0
2023-05-01,15,0.095180354,0.0
2023-05-01,16,0.128887442,0.09360792761909735
2023-05-01,17,0.15303895,0.05082444925905647
2023-05-01,18,0.128341039,0.14655009502014468
2023-05-01,19,0.095310671,0.0
2023-05-01,2,0.093648129,0.0
2023-05-01,20,0.091155358,0.0
2023-05-01,21,0.094978724,0.0
2023-05-01,22,0.091204424,0.0
2023-05-01,23,0.124565229,0.07723192680743701
2023-05-01,24,0.095032521,0.0
2023-05-01,25,0.095224972,0.0
2023-05-01,26,0.091482769,0.0
2023-05-01,27,0.129629905,0.02291926054240381
2023-05-01,28,0.229873623,0.07649401762791487
2023-05-01,29,0.095176457,0.0
2023-05-01,3,0.126782837,0.2704916332561207
2023-05-01,30,0.128991963,0.030525343849067604
2023-05-01,31,0.124701373,0.2080382735088954
2023-05-01,32,0.128179863,0.0382524306192952
2023-05-01,4,0.09389902,0.0
2023-05-01,5,0.460401786,0.05367942585752917
2023-05-01,6,0.092207245,0.0
2023-05-01,7,0.095218467,0.0
2023-05-01,9,0.122741471,0.028010644281822886
2023-06-01,0,0.115425773,0.04080412065672579
2023-06-01,1,0.080909656,0.0
2023-06-01,10,0.214101095,0.0
2023-06-01,11,0.081017224,0.0
2023-06-01,12,0.081159964,0.0
2023-06-01,13,0.14988042,0.039989028178948754
2023-06-01,14,0.116056369,0.01582379430953921
2023-06-01,15,0.08103772,0.0
2023-06-01,16,0.081085526,0.0
2023-06-01,17,0.150202467,0.03214729764574461
2023-06-01,18,0.245846471,0.014206899871851225
2023-06-01,19,0.08110146,0.0
2023-06-01,2,0.080944895,0.0
2023-06-01,20,0.080348946,0.0
2023-06-01,21,0.081028031,0.0
2023-06-01,22,0.080511116,0.0
2023-06-01,23,0.116345042,0.01327897514756204
2023-06-01,24,0.081092071,0.0
2023-06-01,25,0.081100503,0.0
2023-06-01,26,0.080708177,0.0
2023-06-01,27,0.081126945,0.0
2023-06-01,28,0.080278976,0.0
2023-06-01,29,0.081078617,0.0
2023-06-01,3,0.115319382,0.009961357515072752
2023-06-01,30,0.081100644,0.0
2023-06-01,31,0.080700047,0.0
2023-06-01,32,0.080345553,0.0
2023-06-01,4,0.11419248,0.012046473179388076
2023-06-01,5,0.081015781,0.0
2023-06-01,6,0.080815727,0.0
2023-06-01,7,0.081199203,0.0
2023-06-01,9,0.072925089,0.0
2023-07-01,0,0.06495343,0.0
2023-07-01,1,0.101229463,0.11023001582515478
2023-07-01,10,0.079571693,0.0
2023-07-01,11,0.079429516,0.0
2023-07-01,12,0.079462605,0.0
2023-07-01,13,0.079491951,0.0
2023-07-01,14,0.115218658,0.014207857784565767
2023-07-01,15,0.079434805,0.0
2023-07-01,16,0.079456563,0.0
2023-07-01,17,0.079398852,0.0
2023-07-01,18,0.079296232,0.0
2023-07-01,19,0.116181228,0.011259152132129524
2023-07-01,2,0.065143695,0.0
2023-07-01,20,0.077808691,0.0
2023-07-01,21,0.079512964,0.0
2023-07-01,22,0.077819333,0.0
2023-07-01,23,0.079919872,0.0
2023-07-01,24,0.079533052,0.0
2023-07-01,25,0.079528945,0.0
2023-07-01,26,0.077890056,0.0
2023-07-01,27,0.079499591,0.0
2023-07-01,28,0.209562934,0.0
2023-07-01,29,0.116291068,0.021146949371919688
2023-07-01,3,0.065160389,0.0
2023-07-01,30,0.151984391,0.033345076328804665
2023-07-01,31,0.07793721,0.0
2023-07-01,32,0.010453421,0.0
2023-07-01,4,0.100907414,0.00629149477849138
2023-07-01,5,0.079469629,0.0
2023-07-01,6,0.11661885,0.011496997108895768
2023-07-01,7,0.080775197,0.0
2023-07-01,9,0.110061836,0.009575806340852758
2023-08-01,0,0.123255765,0.07022246805809212
2023-08-01,1,0.084545693,0.0
2023-08-01,10,0.084567531,0.0
2023-08-01,11,0.084492735,0.0
2023-08-01,12,0.084635072,0.0
2023-08-01,13,0.121851803,0.010314633883865745
2023-08-01,14,0.084591427,0.0
2023-08-01,15,0.164750382,0.036260482803508576
2023-08-01,16,0.084616438,0.0
2023-08-01,17,0.122312366,0.02622641704225668
2023-08-01,18,0.084619988,0.0
2023-08-01,19,0.084578156,0.0
2023-08-01,2,0.084613528,0.0
2023-08-01,20,0.083330457,0.0
2023-08-01,21,0.084556934,0.0
2023-08-01,22,0.08292217,0.0
2023-08-01,23,0.123058853,0.07919082475341005
2023-08-01,24,0.08458743,0.0
2023-08-01,25,0.084420417,0.0
2023-08-01,26,0.08281363,0.0
2023-08-01,27,0.084507796,0.0
2023-08-01,28,0.084160052,0.0
2023-08-01,29,0.084518374,0.0
2023-08-01,3,0.084470215,0.0
2023-08-01,30,0.084562319,0.0
2023-08-01,31,0.121217376,0.09448460837829052
2023-08-01,32,0.053775897,0.0
2023-08-01,4,0.084388039,0.0
2023-08-01,5,0.122792626,0.005905390918266805
2023-08-01,6,0.08483027,0.0
2023-08-01,7,0.122430475,0.011084972966355048
2023-08-01,9,0.081705317,0.0
2023-09-01,0,0.070521183,0.0
2023-09-01,1,0.070572742,0.0
2023-09-01,10,0.07129511,0.0
2023-09-01,11,0.071036357,0.0
2023-09-01,12,0.071295845,0.0
2023-09-01,13,0.071195697,0.0
2023-09-01,14,0.071208104,0.0
2023-09-01,15,0.071249559,0.0
2023-09-01,16,0.071153659,0.0
2023-09-01,17,0.110234511,0.025285543686965027
2023-09-01,18,0.071097425,0.0
2023-09-01,19,0.071015586,0.0
2023-09-01,2,0.070712882,0.0
2023-09-01,20,0.069281779,0.0
2023-09-01,21,0.110894524,0.025007310390471344
2023-09-01,22,0.083316339,0.0
2023-09-01,23,0.071662993,0.0
2023-09-01,24,0.071254815,0.0
2023-09-01,25,0.110815102,0.021347859267980884
2023-09-01,26,0.069284481,0.0
2023-09-01,27,0.071268946,0.0
2023-09-01,28,0.070804741,0.0
2023-09-01,29,0.071116337,0.0
2023-09-01,3,0.070514717,0.0
2023-09-01,30,0.071176861,0.0
2023-09-01,31,0.109871423,0.019897293637264377
2023-09-01,32,0.034377878,0.0
2023-09-01,4,0.070292938,0.0
2023-09-01,5,0.110851022,0.00818404095272696
2023-09-01,6,0.071733493,0.0
2023-09-01,7,0.063209976,0.0
2023-09-01,9,0.104308405,0.02902252361510324
2023-10-01,0,0.067264535,0.0
2023-10-01,1,0.06741704,0.0
2023-10-01,10,0.070504667,0.0
2023-10-01,11,0.070434194,0.0
2023-10-01,12,0.070522619,0.0
2023-10-01,13,0.108945316,0.003273030981431328
2023-10-01,14,0.070515875,0.0
2023-10-01,15,0.111519255,0.010064251431157452
2023-10-01,16,0.070399052,0.0
2023-10-01,17,0.070388861,0.0
2023-10-01,18,0.193462133,0.02842301885761783
2023-10-01,19,0.192156851,0.02161310663916955
2023-10-01,2,0.067558204,0.0
2023-10-01,20,0.112207121,0.04129845131725112
2023-10-01,21,0.070462337,0.0
2023-10-01,22,0.069362026,0.0
2023-10-01,23,0.071273196,0.0
2023-10-01,24,0.070274205,0.0
2023-10-01,25,0.070416884,0.0
2023-10-01,26,0.069324728,0.0
2023-10-01,27,0.070462583,0.0
2023-10-01,28,0.069258957,0.0
2023-10-01,29,0.070588187,0.0
2023-10-01,3,0.067301968,0.0
2023-10-01,30,0.111630354,0.020554901899955354
2023-10-01,31,0.069431773,0.0
2023-10-01,32,0.013802121,0.0
2023-10-01,4,0.067390232,0.0
2023-10-01,5,0.070605117,0.0
2023-10-01,6,0.071721937,0.0
2023-10-01,7,-0.041086381,0.0
2023-10-01,9,0.101984573,0.010376767868107376
2023-11-01,0,0.11627464,0.010406693800373555
2023-11-01,1,0.074463817,0.0
2023-11-01,10,0.074547321,0.0
2023-11-01,11,0.074453832,0.0
2023-11-01,12,0.074442537,0.0
2023-11-01,13,0.074393978,0.0
2023-11-01,14,0.074421371,0.0
2023-11-01,15,0.074496179,0.0
2023-11-01,16,0.229622378,0.0
2023-11-01,17,0.074352881,0.0
2023-11-01,18,0.074398183,0.0
2023-11-01,19,0.074474612,0.0
2023-11-01,2,0.074252709,0.0
2023-11-01,20,0.074753123,0.0
2023-11-01,21,0.074362869,0.0
2023-11-01,22,0.074816339,0.0
2023-11-01,23,0.075087109,0.0
2023-11-01,24,0.074341898,0.0
2023-11-01,25,0.074448071,0.0
2023-11-01,26,0.074808178,0.0
2023-11-01,27,0.116036851,0.01634071185743661
2023-11-01,28,0.073352979,0.0
2023-11-01,29,0.116262882,0.023663432281950784
2023-11-01,3,0.074431398,0.0
2023-11-01,30,0.231407477,0.0
2023-11-01,31,0.074897251,0.0
2023-11-01,32,-0.05655372,0.0
2023-11-01,4,0.074498511,0.0
2023-11-01,5,0.074389602,0.0
2023-11-01,6,0.075173212,0.0
2023-11-01,7,0.075059271,0.0
2023-11-01,9,0.111260918,0.037773143456901845
2023-12-01,0,0.069577862,0.0
2023-12-01,1,0.069293964,0.0
2023-12-01,10,0.15063767,0.043735626109717554
2023-12-01,11,0.069280934,0.0
2023-12-01,12,0.110483046,0.020553543946859168
2023-12-01,13,0.069230983,0.0
2023-12-01,14,0.111555331,0.01125684874954878
2023-12-01,15,0.069103913,0.0
2023-12-01,16,0.069266182,0.0
2023-12-01,17,0.069292935,0.0
2023-12-01,18,0.069258779,0.0
2023-12-01,19,0.069286394,0.0
2023-12-01,2,0.069491016,0.0
2023-12-01,20,0.069527456,0.0
2023-12-01,21,0.216044346,0.0
2023-12-01,22,0.069470872,0.0
2023-12-01,23,0.068029151,0.0
2023-12-01,24,0.069341563,0.0
2023-12-01,25,0.111444943,0.011612229233411908
2023-12-01,26,0.069311189,0.0
2023-12-01,27,0.111293677,0.003989472677336875
2023-12-01,28,0.068325397,0.0
2023-12-01,29,0.069161355,0.0
2023-12-01,3,0.069344947,0.0
2023-12-01,30,0.069031208,0.0
2023-12-01,31,0.069461608,0.0
2023-12-01,32,0.032877515,0.0
2023-12-01,4,0.069407463,0.0
2023-12-01,5,0.069257339,0.0
2023-12-01,6,0.070043683,0.0
2023-12-01,7,0.032266698,0.0
2023-12-01,9,0.056764926,0.0
2024-01-01,0,0.068943446,0.0
2024-01-01,1,0.068949782,0.0
2024-01-01,10,0.110662733,0.013234874717988216
2024-01-01,11,0.068817884,0.0
2024-01-01,12,0.068797263,0.0
2024-01-01,13,0.068596648,0.0
2024-01-01,14,0.068496672,0.0
2024-01-01,15,0.06873054,0.0
2024-01-01,16,0.111097452,0.009183634879506008
2024-01-01,17,0.109823456,0.010952677490320167
2024-01-01,18,0.068736274,0.0
2024-01-01,19,0.110903436,0.36066534018168844
2024-01-01,2,0.069140778,0.0
2024-01-01,20,0.068929714,0.0
2024-01-01,21,0.068793841,0.0
2024-01-01,22,0.068853935,0.0
2024-01-01,23,0.067686572,0.0
2024-01-01,24,0.111259567,0.008071029861459085
2024-01-01,25,0.068756061,0.0
2024-01-01,26,0.068939276,0.0
2024-01-01,27,0.068785895,0.0
2024-01-01,28,0.067389475,0.0
2024-01-01,29,0.06884796,0.0
2024-01-01,3,0.069036419,0.0
2024-01-01,30,0.068744764,0.0
2024-01-01,31,0.068846102,0.0
2024-01-01,32,0.030240906,0.016092136275051114
2024-01-01,4,0.068919459,0.0
2024-01-01,5,0.068772472,0.0
2024-01-01,6,0.069334995,0.0
2024-01-01,7,0.096363397,0.08295889750174584
2024-01-01,9,0.061933329,0.0
2024-02-01,0,0.069215264,0.0
2024-02-01,1,0.069224733,0.0
2024-02-01,10,0.00886235,0.0
2024-02-01,11,0.008849004,0.0
2024-02-01,12,0.008817373,0.0
2024-02-01,13,0.008875908,0.0
2024-02-01,14,0.008704965,0.0
2024-02-01,15,0.0087145,0.0
2024-02-01,16,0.051206634,0.025357872152363476
2024-02-01,17,0.094126506,0.03469424429991497
2024-02-01,18,0.008783661,0.0
2024-02-01,19,0.008769344,0.0
2024-02-01,2,0.069313166,0.0
2024-02-01,20,0.069635887,0.0
2024-02-01,21,0.00885736,0.0
2024-02-01,22,0.069567872,0.0
2024-02-01,23,0.068075063,0.0
2024-02-01,24,0.008838369,0.0
2024-02-01,25,0.008847731,0.0
2024-02-01,26,0.069585578,0.0
2024-02-01,27,0.008864207,0.0
2024-02-01,28,0.067797369,0.0
2024-02-01,29,0.008802286,0.0
2024-02-01,3,0.069222446,0.0
2024-02-01,30,0.00881202,0.0
2024-02-01,31,0.19916361,0.3298047937795848
2024-02-01,32,0.014949677,0.0
2024-02-01,4,0.069133667,0.0
2024-02-01,5,0.05296838,0.007807762025805148
2024-02-01,6,0.070207814,0.0
2024-02-01,7,0.112184472,0.008293436292876344
2024-02-01,9,0.050579019,0.0
2024-03-01,0,0.065709655,0.0
2024-03-01,1,0.065532518,0.0
2024-03-01,10,0.066501807,0.0
2024-03-01,11,0.066534023,0.0
2024-03-01,12,0.110449171,0.015278693835912235
2024-03-01,13,0.066360517,0.0
2024-03-01,14,0.066438449,0.0
2024-03-01,15,0.06653878,0.0
2024-03-01,16,0.06644299,0.0
2024-03-01,17,0.066408444,0.0
2024-03-01,18,0.06638393,0.0
2024-03-01,19,0.234118679,0.0
2024-03-01,2,0.065754207,0.0
2024-03-01,20,0.066210248,0.0
2024-03-01,21,0.066548282,0.0
2024-03-01,22,0.066228353,0.0
2024-03-01,23,0.031322564,0.0
2024-03-01,24,0.066482013,0.0
2024-03-01,25,0.066458298,0.0
2024-03-01,26,0.066300583,0.0
2024-03-01,27,0.066509129,0.0
2024-03-01,28,0.065045426,0.0
2024-03-01,29,0.066457917,0.0
2024-03-01,3,0.065642159,0.0
2024-03-01,30,0.066479439,0.0
2024-03-01,31,0.066290404,0.0
2024-03-01,32,0.035483044,0.0
2024-03-01,4,0.06588166,0.0
2024-03-01,5,0.066485482,0.0
2024-03-01,6,0.06639135,0.0
2024-03-01,7,0.105071638,0.011155802992512984
2024-03-01,9,0.056191209,0.0
2024-04-01,0,0.063306905,0.0
2024-04-01,1,0.063021275,0.0
2024-04-01,10,0.064419953,0.0
2024-04-01,11,0.064359907,0.0
2024-04-01,12,0.107772688,0.004647580845577433
2024-04-01,13,0.064347951,0.0
2024-04-01,14,0.06438272,0.0
2024-04-01,15,0.064321753,0.0
2024-04-01,16,0.108387958,0.009262613835184489
2024-04-01,17,0.064329741,0.0
2024-04-01,18,0.064358793,0.0
2024-04-01,19,0.064400868,0.0
2024-04-01,2,0.106954061,0.00723610971258745
2024-04-01,20,0.064220439,0.0
2024-04-01,21,0.064330544,0.0
2024-04-01,22,0.064293854,0.0
2024-04-01,23,0.104609348,0.05628618910727088
2024-04-01,24,0.064391819,0.0
2024-04-01,25,0.064289687,0.0
2024-04-01,26,0.064223819,0.0
2024-04-01,27,0.064309109,0.0
2024-04-01,28,0.150700906,0.13885810437422139
2024-04-01,29,0.110226714,0.008230730506701263
2024-04-01,3,0.063263692,0.0
2024-04-01,30,0.064387141,0.0
2024-04-01,31,0.064168744,0.0
2024-04-01,32,0.062428037,0.0
2024-04-01,4,0.063223331,0.0
2024-04-01,5,0.064401086,0.0
2024-04-01,6,0.064342452,0.0
2024-04-01,7,0.018994272,0.0
2024-04-01,9,0.02635958,0.0
2024-05-01,0,0.071854186,0.0
2024-05-01,1,0.116453085,0.021053794768105184
2024-05-01,10,0.067355283,0.0
2024-05-01,11,0.067223581,0.0
2024-05-01,12,0.067387096,0.0
2024-05-01,13,0.067341531,0.0
2024-05-01,14,0.111952323,0.005286383026493517
2024-05-01,15,0.067358093,0.0
2024-05-01,16,0.067245254,0.0
2024-05-01,17,0.111549667,0.006370401124907568
2024-05-01,18,0.067354605,0.0
2024-05-01,19,0.067396069,0.0
2024-05-01,2,0.116516908,0.1300968834800252
2024-05-01,20,0.057219069,0.0
2024-05-01,21,0.112061166,0.016366694256874956
2024-05-01,22,0.057401314,0.0
2024-05-01,23,0.07064464,0.0
2024-05-01,24,0.111898206,0.02620643244145444
2024-05-01,25,0.067351803,0.0
2024-05-01,26,0.057316911,0.0
2024-05-01,27,0.112153691,0.030361990199112787
2024-05-01,28,0.114960145,0.007756577302886808
2024-05-01,29,0.067410062,0.0
2024-05-01,3,0.071775983,0.0
2024-05-01,30,0.067436488,0.0
2024-05-01,31,0.057417266,0.0
2024-05-01,32,0.029267233,0.0
2024-05-01,4,0.116510586,0.02468941124263369
2024-05-01,5,0.067407311,0.0
2024-05-01,6,0.116455715,0.07465072557301652
2024-05-01,7,0.072148921,0.0
2024-05-01,9,0.056702289,0.0
2024-06-01,0,0.107718499,0.0384029684258517
2024-06-01,1,0.063022355,0.0
2024-06-01,10,0.063307199,0.0
2024-06-01,11,0.108256614,0.034369874179420626
2024-06-01,12,0.108214413,0.01280031767793632
2024-06-01,13,0.063332006,0.0
2024-06-01,14,0.110150224,0.004027912331140263
2024-06-01,15,0.106668415,0.013448077242632712
2024-06-01,16,0.107709906,0.00986309936177959
2024-06-01,17,0.063283381,0.0
2024-06-01,18,0.063312551,0.0
2024-06-01,19,0.107983858,0.009930105746358149
2024-06-01,2,0.063098007,0.0
2024-06-01,20,0.107554362,0.13754260199591312
2024-06-01,21,0.108388669,0.009452206009810943
2024-06-01,22,0.062846274,0.0
2024-06-01,23,0.106330868,0.08095013467608944
2024-06-01,24,0.063275593,0.0
2024-06-01,25,0.06330549,0.0
2024-06-01,26,0.062722413,0.0
2024-06-01,27,0.063219986,0.0
2024-06-01,28,0.061433693,0.0
2024-06-01,29,0.063324864,0.0
2024-06-01,3,0.107585135,0.061122986196773504
2024-06-01,30,0.06329933,0.0
2024-06-01,31,0.062823424,0.0
2024-06-01,32,0.004728379,0.0
2024-06-01,4,0.063072883,0.0
2024-06-01,5,0.107272985,0.009565472885688335
2024-06-01,6,0.062385874,0.0
2024-06-01,7,0.056606942,0.0
2024-06-01,9,0.01813968,0.0
2024-07-01,0,0.061889368,0.0
2024-07-01,1,0.062076081,0.0
2024-07-01,10,0.053822149,0.0
2024-07-01,11,0.099516041,0.010362213992887287
2024-07-01,12,0.053804195,0.0
2024-07-01,13,0.099388702,0.006661461714433075
2024-07-01,14,0.053857592,0.0
2024-07-01,15,0.099040516,0.015871364220366654
2024-07-01,16,0.053860873,0.0
2024-07-01,17,0.053895844,0.0
2024-07-01,18,0.05382318,0.0
2024-07-01,19,0.053788819,0.0
2024-07-01,2,0.06201805,0.0
2024-07-01,20,0.062531787,0.0
2024-07-01,21,0.05392245,0.0
2024-07-01,22,0.062577992,0.0
2024-07-01,23,0.10611713,0.008378143407789513
2024-07-01,24,0.05389128,0.0
2024-07-01,25,0.053960725,0.0
2024-07-01,26,0.062549262,0.0
2024-07-01,27,0.099096492,0.02623998632353181
2024-07-01,28,0.060586582,0.0
2024-07-01,29,0.053835452,0.0
2024-07-01,3,0.061954169,0.0
2024-07-01,30,0.227079063,0.0
2024-07-01,31,0.062547344,0.0
2024-07-01,32,0.06454368,0.012133869005546185
2024-07-01,4,0.1073196,0.03691840696133658
2024-07-01,5,0.095417981,0.020886844181012956
2024-07-01,6,0.062766356,0.0
2024-07-01,7,0.062861003,0.0
2024-07-01,9,0.042123452,0.0
